,Tense,Modal Type,NP Pattern,Adverb Exists
0,base,,"('DT', 'the', 'NN(sg)')",2
1,base,,NNP(proper),1
2,base,"['opinion', 'advice']","('DT', 'any', 'NN(sg)')",0
3,past participle,,OTHER,3
4,present tense 3rd.sg,,"('DT', 'a', 'JJ', 'NN(sg)')",0
5,future tense,,OTHER,3
6,base,,"('DT', 'the', 'NN(sg)')",3
7,present tense 3rd.sg,"['obligation', 'certainty']","('DT', 'the', 'NN(sg)')",1
8,present tense 3rd.sg,,"('DT', 'the', 'NN(sg)')",2
9,base,,NNP(proper),2
10,present participle,,"('DT', 'the', 'NN(sg)')",1
11,past participle,,"('DT', 'this', 'JJ', 'NN(sg)')",1
12,present participle,,"('DT', 'the', 'NN(sg)')",1
13,base,"['possibility', 'request', 'permission']",OTHER,2
14,present tense 3rd.sg,,"('DT', 'the', 'NN(sg)')",0
15,present tense 3rd.sg,,OTHER,3
16,present tense 3rd.sg,,"('DT', 'a', 'NN(sg)')",0
17,present participle,"['obligation', 'certainty']",OTHER,0
18,past participle,,"('DT', 'a', 'NN(sg)')",3
19,past participle,"['ability', 'suggestion', 'request']",NNP(proper),5
20,future tense,"['possibility', 'request', 'permission']",OTHER,6
21,base,"['opinion', 'advice']","('DT', 'every', 'JJ', 'NN(sg)')",0
22,past participle,,"('DT', 'the', 'NN(sg)')",3
23,past participle,,OTHER,4
24,past participle,"['possibility', 'request', 'permission']","('DT', 'the', 'NN(sg)')",1
25,past participle,,"('DT', 'an', 'NN(sg)')",2
26,present participle,"['possibility', 'request', 'permission']","('DT', 'the', 'JJ', 'NN(sg)')",0
27,present tense 3rd.sg,,OTHER,0
28,past participle,,"('DT', 'a', 'JJ', 'NN(sg)')",1
29,past participle,"['possibility', 'request', 'permission']",OTHER,2
30,base,,OTHER JJ,1
31,present participle,,"('DT', 'a', 'NN(sg)')",4
32,past participle,,OTHER,0
33,present participle,,OTHER,1
34,past participle,,OTHER,2
35,present participle,"['opinion', 'advice']","('DT', 'the', 'NN(sg)')",0
36,present tense 3rd.sg,,OTHER,2
37,past participle,,"('DT', 'the', 'NN(sg)')",0
38,past participle,"['ability', 'suggestion', 'request']","('DT', 'a', 'NN(sg)')",3
39,present participle,,"('DT', 'a', 'JJ', 'NN(sg)')",3
40,present participle,"['possibility', 'request', 'permission']","('DT', 'an', 'NN(sg)')",5
41,present participle,[],"('DT', 'a', 'NN(sg)')",0
42,base,,"('DT', 'a', 'NN(sg)')",0
43,present participle,,OTHER,3
44,past participle,,OTHER,2
45,base,"['possibility', 'request', 'permission']",OTHER JJ,1
46,past participle,,"('DT', 'the', 'NN(sg)')",4
47,base,,NNP(proper),2
48,base,,"('DT', 'the', 'NN(sg)')",1
49,base,,OTHER,1
50,present participle,,"('DT', 'a', 'NN(sg)')",1
51,past tense,,"('DT', 'a', 'NN(sg)')",2
52,present participle,"['possibility', 'request', 'permission']","('DT', 'the', 'NN(sg)')",1
53,base,['possibility'],"('DT', 'the', 'NN(sg)')",3
54,past participle,"['ability', 'request', 'suggestion']","('DT', 'the', 'NN(sg)')",2
55,past participle,"['possibility', 'request', 'permission']",OTHER,2
56,present participle,"['possibility', 'request', 'permission']","('DT', 'a', 'NN(sg)')",0
57,base,"['ability', 'request', 'suggestion']","('DT', 'a', 'NN(sg)')",4
58,present participle,,"('DT', 'an', 'NN(sg)')",1
59,past participle,,"('DT', 'a', 'NN(sg)')",2
60,past participle,,NNP(proper),0
61,past participle,,"('DT', 'a', 'NN(sg)')",2
62,past participle,,NNP(proper),0
63,present participle,"['possibility', 'request', 'permission']","('DT', 'the', 'NN(sg)')",2
64,present tense 3rd.sg,,"('DT', 'an', 'NN(sg)')",1
65,past participle,,"('DT', 'the', 'NN(sg)')",4
66,base,"['possibility', 'request', 'permission']","('DT', 'the', 'NN(sg)')",3
67,present participle,"['possibility', 'request', 'permission']","('DT', 'the', 'NN(sg)')",0
68,past participle,,OTHER JJ,3
69,past participle,"['possibility', 'request', 'permission']",OTHER,0
70,base,"['possibility', 'request', 'permission']","('DT', 'the', 'NN(sg)')",2
71,past tense,,"('DT', 'the', 'NN(sg)')",2
72,past participle,,OTHER,0
73,past participle,,OTHER,1
74,past tense,,NNP(proper),0
75,past tense,,"('DT', 'a', 'NN(sg)')",2
76,past participle,"['ability', 'suggestion', 'request']","('DT', 'a', 'NN(sg)')",3
77,base,,NNP(proper),2
78,past participle,,OTHER,1
79,past tense,,"('DT', 'the', 'NN(sg)')",1
80,past tense,,"('DT', 'a', 'NN(sg)')",1
81,base,"['opinion', 'advice']",OTHER,2
82,past participle,,"('DT', 'a', 'NN(sg)')",2
83,past participle,"['possibility', 'request', 'permission']","('DT', 'the', 'NN(sg)')",1
84,base,,OTHER,2
85,present tense 3rd.sg,,"('DT', 'any', 'NN(sg)')",2
86,present tense 3rd.sg,,OTHER,2
87,base,['possibility'],NNP(proper),1
88,base,,"('DT', 'the', 'NN(sg)')",0
89,base,[],"('DT', 'a', 'JJ', 'NN(sg)')",1
90,base,,"('DT', 'a', 'JJ', 'NN(sg)')",2
91,past tense,"['possibility', 'request', 'permission']","('DT', 'the', 'NN(sg)')",1
92,,"['possibility', 'request', 'permission']","('DT', 'a', 'JJ', 'NN(sg)')",0
93,past tense,,OTHER,1
94,past participle,[],OTHER,0
95,present tense 3rd.sg,"['opinion', 'advice']","('DT', 'the', 'NN(sg)')",1
96,past participle,,OTHER,0
97,present participle,"['ability', 'request', 'suggestion']",OTHER,3
98,past tense,,OTHER JJ,3
99,past participle,"['possibility', 'request', 'permission']",OTHER,0
100,past participle,,"('DT', 'the', 'NN(sg)')",1
101,base,"['possibility', 'request', 'permission']",OTHER,1
102,present participle,,OTHER,1
103,past participle,"['possibility', 'request', 'permission']",OTHER,1
104,present tense non-3rd.sg,"['ability', 'suggestion', 'request']",OTHER,2
105,base,,"('DT', 'the', 'NN(sg)')",0
106,,"['ability', 'request', 'suggestion']",OTHER,2
107,past participle,,"('DT', 'the', 'NN(sg)')",2
108,,,NNP(proper),2
109,present tense 3rd.sg,,"('DT', 'a', 'NN(sg)')",1
110,past participle,,"('DT', 'the', 'NN(sg)')",3
111,past tense,,NNP(proper),2
112,present participle,,OTHER,2
113,,,OTHER,0
114,past tense,,OTHER JJ,2
115,past participle,"['possibility', 'request', 'permission']","('DT', 'the', 'NN(sg)')",1
116,present participle,"['ability', 'suggestion', 'request']","('DT', 'a', 'NN(sg)')",4
117,past participle,"['ability', 'request', 'suggestion']","('DT', 'every', 'JJ', 'NN(sg)')",0
118,base,,"('DT', 'another', 'NN(sg)')",1
119,past participle,"['possibility', 'request', 'permission']",OTHER,1
120,base,"['possibility', 'request', 'permission']",OTHER,0
121,past participle,,OTHER,2
122,base,"['opinion', 'advice']",OTHER,3
123,past participle,,"('DT', 'the', 'NN(sg)')",1
124,base,,OTHER,0
125,base,,OTHER,4
126,present participle,,OTHER,1
127,past tense,"['opinion', 'advice']",OTHER,3
128,base,,"('DT', 'a', 'NN(sg)')",1
129,present participle,"['possibility', 'request', 'permission']",OTHER,0
130,base,,OTHER,0
131,base,"['possibility', 'request', 'permission']",OTHER,1
132,base,,"('DT', 'every', 'NN(sg)')",0
133,base,,NNP(proper),6
134,present participle,,OTHER,0
135,present tense 3rd.sg,"['ability', 'suggestion', 'request']","('DT', 'the', 'NN(sg)')",1
136,present tense 3rd.sg,"['ability', 'suggestion', 'request']",OTHER,4
137,present tense 3rd.sg,,OTHER,4
138,present participle,,"('DT', 'the', 'NN(sg)')",0
139,present participle,"['ability', 'request', 'suggestion']","('DT', 'the', 'NN(sg)')",3
140,present tense non-3rd.sg,,NNP(proper),1
141,present tense 3rd.sg,,NNP(proper),1
142,base,,OTHER,1
143,base,"['possibility', 'request', 'permission']",OTHER,1
144,present participle,,OTHER,1
145,base,"['obligation', 'certainty']","('DT', 'the', 'NN(sg)')",2
146,base,,OTHER,2
147,past participle,,NNP(proper),6
148,past participle,,"('DT', 'a', 'NN(sg)')",1
149,present tense 3rd.sg,"['possibility', 'request', 'permission']","('DT', 'the', 'NN(sg)')",2
150,base,,"('DT', 'a', 'NN(sg)')",1
151,,,OTHER,4
152,base,,OTHER,1
153,,"['ability', 'suggestion', 'request']",OTHER,2
154,base,"['possibility', 'request', 'permission']","('DT', 'a', 'NN(sg)')",2
155,past tense,,NNP(proper),1
156,past participle,,"('DT', 'a', 'NN(sg)')",1
157,past participle,,NNP(proper),1
158,present tense 3rd.sg,"['obligation', 'certainty']",OTHER,2
159,present participle,[],"('DT', 'a', 'NN(sg)')",2
160,past tense,,OTHER,0
161,base,"['ability', 'suggestion', 'request']",NNP(proper),2
162,past participle,"['ability', 'suggestion', 'request']","('DT', 'a', 'NN(sg)')",2
163,base,"['possibility', 'request', 'permission']","('DT', 'the', 'NN(sg)')",5
164,base,,OTHER,1
165,past tense,,OTHER,1
166,base,"['possibility', 'request', 'permission']","('DT', 'a', 'JJ', 'NN(sg)')",1
167,past participle,['possibility'],"('DT', 'an', 'NN(sg)')",2
168,past participle,,OTHER,2
169,present participle,,"('DT', 'the', 'NN(sg)')",3
170,base,"['ability', 'suggestion', 'request']","('DT', 'a', 'NN(sg)')",1
171,past participle,"['obligation', 'certainty']","('DT', 'the', 'NN(sg)')",4
172,past participle,,OTHER,3
173,base,,OTHER JJ,3
174,past participle,"['ability', 'suggestion', 'request']","('DT', 'the', 'NN(sg)')",0
175,past participle,"['obligation', 'certainty']",OTHER,2
176,future tense,"['opinion', 'advice']","('DT', 'the', 'NN(sg)')",5
177,present participle,,OTHER,0
178,present participle,"['obligation', 'certainty']","('DT', 'an', 'NN(sg)')",2
179,,"['possibility', 'request', 'permission']",OTHER,4
180,base,"['possibility', 'request', 'permission']",OTHER,3
181,past participle,,"('DT', 'a', 'NN(sg)')",4
182,past participle,"['ability', 'suggestion', 'request']","('DT', 'the', 'JJ', 'NN(sg)')",6
183,past participle,"['ability', 'suggestion', 'request']","('DT', 'that', 'JJ', 'NN(sg)')",3
184,base,,"('DT', 'a', 'NN(sg)')",3
185,past participle,,OTHER,2
186,past tense,,OTHER,4
187,base,,NNP(proper),3
188,past participle,"['possibility', 'request', 'permission']","('DT', 'the', 'NN(sg)')",3
189,present participle,"['opinion', 'advice']",OTHER,1
190,past tense,,OTHER,1
191,past tense,,OTHER,4
192,base,,"('DT', 'an', 'NN(sg)')",2
193,base,,"('DT', 'a', 'NN(sg)')",3
194,present tense non-3rd.sg,,"('DT', 'the', 'NN(sg)')",4
195,present participle,"['obligation', 'certainty']","('DT', 'the', 'NN(sg)')",10
196,base,"['possibility', 'request', 'permission']","('DT', 'the', 'NN(sg)')",3
197,base,[],"('DT', 'the', 'NN(sg)')",2
198,base,,"('DT', 'an', 'NN(sg)')",4
199,base,,"('DT', 'the', 'NN(sg)')",4
200,present participle,,OTHER,2
201,base,,OTHER,4
202,present participle,,OTHER,0
203,past tense,,NNP(proper),0
204,past participle,,"('DT', 'a', 'NN(sg)')",0
205,present tense 3rd.sg,"['obligation', 'certainty']",NNP(proper),2
206,past tense,"['ability', 'request', 'suggestion']",NNP(proper),3
207,past participle,['possibility'],OTHER,2
208,past participle,,NNP(proper),1
209,past participle,,NNP(proper),0
210,past participle,,OTHER,5
211,past participle,,OTHER,0
212,present tense 3rd.sg,"['possibility', 'request', 'permission']",OTHER JJ,9
213,past participle,,OTHER,0
214,past participle,"['opinion', 'advice']",OTHER,1
215,present tense 3rd.sg,"['opinion', 'advice']",OTHER,3
216,,"['ability', 'suggestion', 'request']","('DT', 'the', 'NN(sg)')",3
217,base,"['possibility', 'request', 'permission']",NNP(proper),1
218,,"['ability', 'request', 'suggestion']",OTHER,1
219,,,OTHER JJ,1
220,,"['obligation', 'certainty']",OTHER,5
221,base,"['obligation', 'certainty']",OTHER,2
222,present tense 3rd.sg,"['possibility', 'request', 'permission']",OTHER,1
223,present participle,"['possibility', 'request', 'permission']","('DT', 'a', 'NN(sg)')",5
224,base,"['opinion', 'advice']",OTHER,0
225,base,,"('DT', 'the', 'NN(sg)')",1
226,base,"['opinion', 'advice']",OTHER JJ,0
227,past participle,,OTHER,0
228,present tense 3rd.sg,"['opinion', 'advice']",NNP(proper),1
229,base,,OTHER,1
230,base,,OTHER,1
231,base,,OTHER,2
232,base,,OTHER,0
233,base,,OTHER,0
234,past participle,"['possibility', 'request', 'permission']","('DT', 'the', 'NN(sg)')",1
235,present participle,[],OTHER,0
236,base,"['opinion', 'advice']",OTHER,3
237,base,,"('DT', 'a', 'NN(sg)')",3
238,present tense 3rd.sg,"['opinion', 'advice']",OTHER,1
239,present tense 3rd.sg,,"('DT', 'the', 'NN(sg)')",1
240,past tense,,"('DT', 'the', 'NN(sg)')",1
241,present tense 3rd.sg,,OTHER JJ,0
242,base,"['possibility', 'request', 'permission']",OTHER JJ,1
243,base,"['opinion', 'advice']","('DT', 'every', 'NN(sg)')",1
244,present tense non-3rd.sg,,OTHER,2
245,present participle,,NNP(proper),4
246,past participle,,OTHER,0
247,base,,NNP(proper),0
248,past participle,,"('DT', 'the', 'NN(sg)')",2
249,present tense 3rd.sg,,"('DT', 'an', 'NN(sg)')",0
250,,,NNP(proper),0
251,future tense,,NNP(proper),1
252,base,,"('DT', 'a', 'NN(sg)')",0
253,present tense 3rd.sg,,OTHER,0
254,base,"['possibility', 'request', 'permission']","('DT', 'a', 'NN(sg)')",1
255,,"['ability', 'suggestion', 'request']","('DT', 'a', 'NN(sg)')",4
256,present tense 3rd.sg,"['ability', 'suggestion', 'request']","('DT', 'the', 'NN(sg)')",0
257,past participle,,"('DT', 'a', 'NN(sg)')",3
258,past participle,,"('DT', 'a', 'NN(sg)')",3
259,base,"['ability', 'suggestion', 'request']","('DT', 'a', 'NN(sg)')",3
260,present participle,,"('DT', 'a', 'NN(sg)')",0
261,past participle,"['ability', 'request', 'suggestion']","('DT', 'a', 'NN(sg)')",1
262,present participle,,"('DT', 'a', 'NN(sg)')",0
263,past participle,,NNP(proper),0
264,past tense,,"('DT', 'a', 'NN(sg)')",0
265,present participle,"['possibility', 'request', 'permission']",OTHER,0
266,present tense 3rd.sg,,OTHER,0
267,base,,OTHER,1
268,past participle,,OTHER,2
269,present tense 3rd.sg,"['possibility', 'request', 'permission']","('DT', 'a', 'NN(sg)')",1
270,present tense 3rd.sg,"['opinion', 'advice']",OTHER,2
271,past participle,,"('DT', 'the', 'NN(sg)')",1
272,,,"('DT', 'a', 'NN(sg)')",7
273,past participle,"['opinion', 'advice']","('DT', 'a', 'NN(sg)')",3
274,past tense,,"('DT', 'the', 'JJ', 'NN(sg)')",1
275,base,,"('DT', 'a', 'NN(sg)')",2
276,past tense,,"('DT', 'the', 'NN(sg)')",2
277,base,,"('DT', 'a', 'NN(sg)')",0
278,base,,"('DT', 'a', 'NN(sg)')",0
279,base,"['ability', 'suggestion', 'request']","('DT', 'the', 'JJ', 'NN(sg)')",2
280,,,"('DT', 'the', 'NN(sg)')",2
281,present participle,[],"('DT', 'a', 'NN(sg)')",0
282,present participle,"['possibility', 'request', 'permission']","('DT', 'a', 'NN(sg)')",1
283,past participle,,"('DT', 'the', 'JJ', 'NN(sg)')",0
284,base,"['ability', 'request', 'suggestion']",OTHER,1
285,past participle,,NNP(proper),1
286,past participle,,OTHER,4
287,past participle,,"('DT', 'a', 'NN(sg)')",2
288,present participle,"['possibility', 'request', 'permission']",OTHER,0
289,present tense 3rd.sg,,"('DT', 'a', 'NN(sg)')",0
290,base,"['possibility', 'request', 'permission']",OTHER,0
291,present tense 3rd.sg,"['opinion', 'advice']","('DT', 'a', 'NN(sg)')",0
292,present participle,"['opinion', 'advice']","('DT', 'a', 'NN(sg)')",0
293,base,"['opinion', 'advice']","('DT', 'a', 'NN(sg)')",4
294,base,,"('DT', 'a', 'NN(sg)')",1
295,base,"['possibility', 'request', 'permission']","('DT', 'a', 'NN(sg)')",5
296,past participle,,"('DT', 'a', 'NN(sg)')",0
297,present tense 3rd.sg,"['possibility', 'request', 'permission']",OTHER,8
298,past participle,,"('DT', 'a', 'NN(sg)')",2
299,past tense,,"('DT', 'a', 'NN(sg)')",0
300,past participle,"['ability', 'suggestion', 'request']","('DT', 'the', 'NN(sg)')",2
301,past participle,"['ability', 'suggestion', 'request']","('DT', 'a', 'NN(sg)')",2
302,present tense 3rd.sg,"['possibility', 'request', 'permission']","('DT', 'the', 'NN(sg)')",2
303,base,"['ability', 'request', 'suggestion']","('DT', 'a', 'NN(sg)')",1
304,base,,"('DT', 'the', 'NN(sg)')",1
305,past participle,,"('DT', 'the', 'JJ', 'NN(sg)')",0
306,past participle,,"('DT', 'a', 'NN(sg)')",0
307,past participle,"['ability', 'request', 'suggestion']",OTHER,4
308,present tense 3rd.sg,,"('DT', 'the', 'NN(sg)')",0
309,present tense 3rd.sg,,"('DT', 'a', 'JJ', 'NN(sg)')",2
310,base,"['obligation', 'certainty']","('DT', 'a', 'JJ', 'NN(sg)')",3
311,past tense,,"('DT', 'the', 'NN(sg)')",0
312,past tense,"['ability', 'request', 'suggestion']","('DT', 'the', 'JJ', 'NN(sg)')",6
313,past participle,"['ability', 'suggestion', 'request']","('DT', 'the', 'NN(sg)')",4
314,past tense,,NNP(proper),0
315,base,"['ability', 'suggestion', 'request']","('DT', 'an', 'JJ', 'NN(sg)')",3
316,past tense,,NNP(proper),1
317,present tense 3rd.sg,"['ability', 'suggestion', 'request']","('DT', 'the', 'NN(sg)')",3
318,past participle,,OTHER,0
319,present tense 3rd.sg,,OTHER,0
320,present tense 3rd.sg,"['possibility', 'request', 'permission']","('DT', 'the', 'NN(sg)')",1
321,present participle,,NNP(proper),0
322,past tense,"['opinion', 'advice']","('DT', 'the', 'NN(sg)')",2
323,present participle,['possibility'],"('DT', 'a', 'NN(sg)')",3
324,past participle,,"('DT', 'the', 'NN(sg)')",9
325,past tense,,OTHER,0
326,past participle,,"('DT', 'a', 'NN(sg)')",0
327,base,,OTHER,2
328,present tense non-3rd.sg,,OTHER,4
329,base,,"('DT', 'the', 'NN(sg)')",0
330,past tense,,NNS(pl),2
331,present participle,"['ability', 'suggestion', 'request']","('DT', 'the', 'NN(sg)')",1
332,base,"['ability', 'suggestion', 'request']","('DT', 'a', 'NN(sg)')",3
333,present tense 3rd.sg,,"('DT', 'a', 'NN(sg)')",1
334,present participle,"['opinion', 'advice']",OTHER,3
335,past participle,,"('DT', 'a', 'NN(sg)')",2
336,present participle,"['ability', 'request', 'suggestion']",NNP(proper),1
337,base,"['possibility', 'request', 'permission']",OTHER,0
338,base,,"('DT', 'a', 'NN(sg)')",5
339,present participle,,"('DT', 'the', 'NN(sg)')",2
340,base,,OTHER,1
341,base,,"('DT', 'a', 'NN(sg)')",4
342,present participle,,"('DT', 'a', 'NN(sg)')",1
343,past tense,"['possibility', 'request', 'permission']","('DT', 'an', 'JJ', 'NN(sg)')",1
344,base,"['ability', 'suggestion', 'request']",NNP(proper),2
345,present tense 3rd.sg,,"('DT', 'an', 'JJ', 'NN(sg)')",1
346,present participle,"['possibility', 'request', 'permission']","('DT', 'the', 'NN(sg)')",0
347,past tense,,"('DT', 'the', 'NN(sg)')",2
348,base,"['possibility', 'request', 'permission']","('DT', 'an', 'JJ', 'NN(sg)')",1
349,present tense 3rd.sg,,"('DT', 'a', 'NN(sg)')",1
350,present participle,,OTHER JJ,0
351,present tense non-3rd.sg,,OTHER JJ,2
352,past participle,,NNP(proper),1
353,present participle,,"('DT', 'an', 'NN(sg)')",1
354,past tense,"['ability', 'request', 'suggestion']","('DT', 'an', 'NN(sg)')",2
355,present tense 3rd.sg,"['opinion', 'advice']",OTHER,4
356,base,,"('DT', 'the', 'NN(sg)')",5
357,present tense 3rd.sg,[],"('DT', 'every', 'NN(sg)')",5
358,past participle,"['obligation', 'certainty']",OTHER,1
359,base,,"('DT', 'the', 'NN(sg)')",4
360,present participle,,OTHER,3
361,base,"['ability', 'request', 'suggestion']","('DT', 'the', 'NN(sg)')",1
362,present tense 3rd.sg,"['obligation', 'certainty']","('DT', 'each', 'NN(sg)')",1
363,present tense 3rd.sg,,"('DT', 'the', 'NN(sg)')",3
364,present participle,,OTHER,1
365,base,,OTHER,0
366,base,"['ability', 'suggestion', 'request']","('DT', 'any', 'NN(sg)')",3
367,past participle,"['obligation', 'certainty']","('DT', 'any', 'NN(sg)')",1
368,base,"['ability', 'suggestion', 'request']","('DT', 'the', 'NN(sg)')",2
369,,"['possibility', 'request', 'permission']",OTHER,0
370,past participle,,"('DT', 'a', 'NN(sg)')",4
371,past participle,"['obligation', 'certainty']",OTHER,2
372,past participle,"['obligation', 'certainty']",OTHER,1
373,base,,"('DT', 'the', 'NN(sg)')",0
374,base,,"('DT', 'an', 'JJ', 'NN(sg)')",2
375,present tense 3rd.sg,,NNP(proper),0
376,,"['possibility', 'request', 'permission']",OTHER,5
377,past participle,,"('DT', 'the', 'NN(sg)')",0
378,present participle,"['opinion', 'advice']","('DT', 'the', 'NN(sg)')",1
379,base,"['opinion', 'advice']","('DT', 'a', 'JJ', 'NN(sg)')",1
380,past tense,,"('DT', 'the', 'NN(sg)')",5
381,present tense non-3rd.sg,,OTHER,0
382,base,"['ability', 'suggestion', 'request']",OTHER,5
383,past participle,"['opinion', 'advice']",OTHER,2
384,base,,"('DT', 'the', 'NN(sg)')",4
385,base,"['ability', 'suggestion', 'request']","('DT', 'the', 'NN(sg)')",2
386,past participle,,OTHER,4
387,past participle,,OTHER,2
388,present tense 3rd.sg,,"('DT', 'the', 'NN(sg)')",1
389,past participle,,"('DT', 'the', 'NN(sg)')",1
390,present tense non-3rd.sg,"['ability', 'suggestion', 'request']","('DT', 'the', 'NN(sg)')",2
391,base,"['ability', 'request', 'suggestion']","('DT', 'the', 'NN(sg)')",1
392,past participle,,OTHER,0
393,present tense 3rd.sg,,"('DT', 'the', 'NN(sg)')",0
394,base,"['ability', 'suggestion', 'request']",OTHER,1
395,base,"['obligation', 'certainty']",OTHER,1
396,base,"['ability', 'request', 'suggestion']","('DT', 'the', 'JJ', 'NN(sg)')",1
397,present participle,"['ability', 'request', 'suggestion']",OTHER,1
398,present tense non-3rd.sg,,OTHER JJ,3
399,past participle,"['possibility', 'request', 'permission']",OTHER,1
400,present participle,,"('DT', 'an', 'NN(sg)')",2
401,present participle,"['possibility', 'request', 'permission']","('DT', 'a', 'JJ', 'NN(sg)')",0
402,base,"['opinion', 'advice']",OTHER,4
403,past participle,"['opinion', 'advice']","('DT', 'the', 'NN(sg)')",0
404,past tense,,OTHER,1
405,base,"['possibility', 'request', 'permission']","('DT', 'the', 'NN(sg)')",0
406,base,,NNP(proper),0
407,base,,NNP(proper),1
408,past participle,,OTHER JJ,0
409,past participle,"['opinion', 'advice']","('DT', 'the', 'NN(sg)')",4
410,past tense,,"('DT', 'the', 'NN(sg)')",1
411,past participle,,"('DT', 'the', 'JJ', 'NN(sg)')",3
412,past participle,,NNP(proper),1
413,past tense,"['possibility', 'request', 'permission']",OTHER,1
414,,,"('DT', 'the', 'NN(sg)')",4
415,base,"['possibility', 'request', 'permission']","('DT', 'a', 'NN(sg)')",2
416,present tense 3rd.sg,,OTHER,1
417,present tense 3rd.sg,"['ability', 'suggestion', 'request']",OTHER,2
418,present tense 3rd.sg,,"('DT', 'the', 'NN(sg)')",1
419,past participle,"['obligation', 'certainty']","('DT', 'the', 'NN(sg)')",3
420,past tense,,"('DT', 'the', 'NN(sg)')",3
421,base,"['opinion', 'advice']","('DT', 'every', 'NN(sg)')",3
422,past participle,"['possibility', 'request', 'permission']","('DT', 'the', 'NN(sg)')",3
423,present tense 3rd.sg,"['obligation', 'certainty']","('DT', 'a', 'NN(sg)')",3
424,present participle,,OTHER,3
425,base,['possibility'],OTHER,0
426,present tense 3rd.sg,,"('DT', 'a', 'NN(sg)')",4
427,past tense,,"('DT', 'the', 'NN(sg)')",0
428,present tense non-3rd.sg,,OTHER,0
429,base,,OTHER,2
430,base,"['ability', 'suggestion', 'request']","('DT', 'a', 'NN(sg)')",2
431,base,,NNP(proper),1
432,past participle,,"('DT', 'the', 'NN(sg)')",0
433,base,"['ability', 'request', 'suggestion']","('DT', 'a', 'NN(sg)')",4
434,present participle,,OTHER,1
435,past participle,,OTHER,1
436,base,,"('DT', 'the', 'NN(sg)')",1
437,present tense non-3rd.sg,,"('DT', 'the', 'NN(sg)')",2
438,base,"['possibility', 'request', 'permission']","('DT', 'the', 'NN(sg)')",5
439,past participle,,"('DT', 'the', 'NN(sg)')",3
440,present tense 3rd.sg,['possibility'],"('DT', 'the', 'NN(sg)')",2
441,past participle,,OTHER,2
442,past participle,,"('DT', 'the', 'JJ', 'NN(sg)')",1
443,base,,"('DT', 'the', 'NN(sg)')",0
444,present participle,,"('DT', 'the', 'NN(sg)')",3
445,present participle,,"('DT', 'the', 'JJ', 'NN(sg)')",4
446,past participle,"['ability', 'suggestion', 'request']","('DT', 'the', 'NN(sg)')",1
447,present participle,,"('DT', 'the', 'JJ', 'NN(sg)')",1
448,base,,OTHER,1
449,present tense 3rd.sg,"['ability', 'suggestion', 'request']",OTHER,2
450,present participle,,"('DT', 'the', 'NN(sg)')",2
451,present tense 3rd.sg,"['ability', 'suggestion', 'request']",OTHER,7
452,present tense 3rd.sg,,"('DT', 'the', 'NN(sg)')",2
453,,"['possibility', 'request', 'permission']",OTHER,6
454,base,,OTHER JJ,1
455,past participle,,NNP(proper),1
456,present tense 3rd.sg,,NNP(proper),2
457,base,,NNP(proper),1
458,past participle,,OTHER,3
459,present participle,"['ability', 'suggestion', 'request']",OTHER,2
460,present tense 3rd.sg,,OTHER,2
461,base,,NNP(proper),0
462,present tense 3rd.sg,"['obligation', 'certainty']","('DT', 'the', 'NN(sg)')",1
463,present tense non-3rd.sg,"['ability', 'suggestion', 'request']",OTHER,4
464,past participle,,NNP(proper),1
465,base,"['possibility', 'request', 'permission']",OTHER,1
466,base,,NNP(proper),3
467,base,,"('DT', 'a', 'NN(sg)')",1
468,past participle,,"('DT', 'a', 'JJ', 'NN(sg)')",1
469,past participle,"['opinion', 'advice']",OTHER,2
470,past participle,,"('DT', 'the', 'JJ', 'NN(sg)')",0
471,base,,NNP(proper),0
472,present participle,"['ability', 'request', 'suggestion']","('DT', 'another', 'NN(sg)')",5
473,base,"['opinion', 'advice']","('DT', 'the', 'NN(sg)')",4
474,base,,OTHER,1
475,past tense,,OTHER,1
476,present tense 3rd.sg,,"('DT', 'the', 'NN(sg)')",1
477,present participle,,"('DT', 'the', 'NN(sg)')",3
478,base,"['ability', 'suggestion', 'request']","('DT', 'an', 'JJ', 'NN(sg)')",2
479,base,,NNP(proper),2
480,base,,OTHER,2
481,past tense,,NNP(proper),1
482,base,,"('DT', 'a', 'NN(sg)')",3
483,base,"['obligation', 'certainty']",NNP(proper),2
484,past participle,,NNP(proper),1
485,base,"['obligation', 'certainty']","('DT', 'each', 'NN(sg)')",0
486,base,"['opinion', 'advice']",OTHER,0
487,,,"('DT', 'each', 'NN(sg)')",1
488,base,,OTHER,0
489,present participle,,"('DT', 'the', 'NN(sg)')",0
490,past tense,,OTHER,3
491,present participle,,NNP(proper),1
492,present tense 3rd.sg,"['ability', 'suggestion', 'request']",OTHER,3
493,base,"['possibility', 'request', 'permission']","('DT', 'the', 'NN(sg)')",0
494,present tense non-3rd.sg,,OTHER JJ,4
495,past participle,,OTHER,0
496,past tense,,OTHER,1
497,present participle,,OTHER,1
498,present tense 3rd.sg,,OTHER,1
499,base,"['obligation', 'certainty']",OTHER,2
500,present participle,"['ability', 'suggestion', 'request']",NNP(proper),8
501,,"['ability', 'suggestion', 'request']",OTHER,8
502,base,"['ability', 'request', 'suggestion']","('DT', 'even', 'JJ', 'NN(sg)')",5
503,present tense 3rd.sg,,"('DT', 'the', 'NN(sg)')",0
504,present tense 3rd.sg,"['possibility', 'request', 'permission']","('DT', 'every', 'NN(sg)')",1
505,base,"['obligation', 'certainty']",OTHER,1
506,present tense 3rd.sg,"['opinion', 'advice']","('DT', 'every', 'JJ', 'NN(sg)')",0
507,present tense 3rd.sg,"['opinion', 'advice']","('DT', 'a', 'JJ', 'NN(sg)')",1
508,base,"['ability', 'request', 'suggestion']",OTHER,4
509,past participle,,"('DT', 'a', 'NN(sg)')",0
510,base,"['possibility', 'request', 'permission']","('DT', 'the', 'NN(sg)')",5
511,base,,OTHER,0
512,base,,OTHER,1
513,base,,"('DT', 'this', 'NN(sg)')",0
514,present tense 3rd.sg,,"('DT', 'the', 'NN(sg)')",0
515,present tense 3rd.sg,,"('DT', 'a', 'NN(sg)')",3
516,past participle,,"('DT', 'the', 'NN(sg)')",1
517,,['possibility'],NNP(proper),2
518,base,,"('DT', 'the', 'NN(sg)')",0
519,present participle,,"('DT', 'a', 'NN(sg)')",0
520,present tense 3rd.sg,"['ability', 'suggestion', 'request']","('DT', 'a', 'NN(sg)')",1
521,present tense 3rd.sg,,"('DT', 'the', 'JJ', 'NN(sg)')",1
522,present participle,,OTHER,3
523,,,OTHER,0
524,past tense,,OTHER,1
525,past participle,,NNP(proper),1
526,,,OTHER,0
527,past tense,[],"('DT', 'the', 'NN(sg)')",5
528,base,,"('DT', 'the', 'NN(sg)')",1
529,present tense 3rd.sg,,OTHER,0
530,present participle,,"('DT', 'the', 'NN(sg)')",4
531,past participle,,"('DT', 'the', 'NN(sg)')",1
532,present tense 3rd.sg,,OTHER,4
533,present participle,,OTHER,1
534,past participle,"['ability', 'suggestion', 'request']","('DT', 'a', 'NN(sg)')",1
535,present participle,,OTHER JJ,2
536,present participle,,"('DT', 'the', 'NN(sg)')",10
537,past participle,,OTHER,2
538,present tense 3rd.sg,,OTHER,1
539,past participle,,OTHER,2
540,,,"('DT', 'the', 'NN(sg)')",0
541,base,,"('DT', 'the', 'NN(sg)')",0
542,base,,"('DT', 'the', 'NN(sg)')",1
543,present participle,"['opinion', 'advice']",OTHER,2
544,past participle,,"('DT', 'a', 'NN(sg)')",1
545,past tense,,OTHER,2
546,base,,"('DT', 'the', 'JJ', 'NN(sg)')",3
547,base,"['obligation', 'certainty']",OTHER,2
548,past participle,,OTHER,1
549,future tense,,NNP(proper),3
550,base,,"('DT', 'another', 'NN(sg)')",0
551,base,,OTHER,1
552,past participle,,OTHER,1
553,present tense 3rd.sg,,OTHER,2
554,base,"['ability', 'request', 'suggestion']",OTHER,4
555,past participle,,NNP(proper),4
556,past participle,"['possibility', 'request', 'permission']","('DT', 'a', 'NN(sg)')",2
557,past participle,,"('DT', 'the', 'NN(sg)')",2
558,past participle,,OTHER,8
559,past participle,"['ability', 'request', 'suggestion']",OTHER JJ,6
560,base,,"('DT', 'the', 'NN(sg)')",4
561,,,OTHER,0
562,past participle,"['ability', 'request', 'suggestion']",OTHER,0
563,past tense,,OTHER,2
564,present participle,,NNS(pl),0
565,past participle,,NNP(proper),1
566,past participle,,"('DT', 'the', 'NN(sg)')",0
567,present participle,,OTHER,0
568,past participle,,OTHER,1
569,base,"['possibility', 'request', 'permission']","('DT', 'the', 'NN(sg)')",1
570,base,,OTHER,1
571,past participle,,OTHER,0
572,base,"['ability', 'request', 'suggestion']","('DT', 'a', 'NN(sg)')",1
573,base,,OTHER,3
574,base,"['possibility', 'request', 'permission']",OTHER,1
575,past participle,"['possibility', 'request', 'permission']","('DT', 'the', 'NN(sg)')",0
576,base,,"('DT', 'a', 'NN(sg)')",0
577,past participle,,"('DT', 'a', 'JJ', 'NN(sg)')",4
578,base,,OTHER,1
579,past tense,,NNP(proper),0
580,past participle,,NNP(proper),1
581,past participle,,NNP(proper),1
582,past tense,,NNP(proper),2
583,past tense,,NNP(proper),0
584,past tense,,NNP(proper),2
585,base,,NNP(proper),0
586,present participle,,OTHER JJ,0
587,past tense,,OTHER,2
588,past tense,,"('DT', 'the', 'NN(sg)')",0
589,base,['possibility'],"('DT', 'the', 'NN(sg)')",2
590,present participle,"['ability', 'suggestion', 'request']","('DT', 'the', 'JJ', 'NN(sg)')",4
591,past participle,,NNP(proper),3
592,present participle,,"('DT', 'a', 'NN(sg)')",1
593,past participle,,OTHER,3
594,past tense,,OTHER,0
595,past participle,"['obligation', 'certainty']",NNP(proper),2
596,base,,"('DT', 'a', 'NN(sg)')",1
597,present tense non-3rd.sg,,NNP(proper),0
598,base,,OTHER,2
599,base,"['ability', 'request', 'suggestion']",OTHER,3
600,base,"['opinion', 'advice']",NNP(proper),1
601,past tense,"['possibility', 'request', 'permission']",NNP(proper),1
602,past tense,,"('DT', 'a', 'JJ', 'NN(sg)')",1
603,past participle,"['opinion', 'advice']",NNP(proper),9
604,past tense,,"('DT', 'this', 'JJ', 'NN(sg)')",4
605,base,"['possibility', 'request', 'permission']","('DT', 'a', 'NN(sg)')",4
606,past participle,,"('DT', 'a', 'NN(sg)')",0
607,present tense 3rd.sg,,"('DT', 'a', 'NN(sg)')",0
608,base,"['ability', 'request', 'suggestion']","('DT', 'a', 'NN(sg)')",1
609,present participle,"['possibility', 'request', 'permission']","('DT', 'an', 'NN(sg)')",4
610,present tense 3rd.sg,"['possibility', 'request', 'permission']","('DT', 'a', 'NN(sg)')",2
611,past participle,,"('DT', 'a', 'NN(sg)')",0
612,past participle,['possibility'],OTHER,1
613,base,"['ability', 'suggestion', 'request']","('DT', 'a', 'NN(sg)')",2
614,future tense,"['possibility', 'request', 'permission']",OTHER,4
615,future tense,"['possibility', 'request', 'permission']",OTHER,4
616,base,"['opinion', 'advice']","('DT', 'a', 'NN(sg)')",1
617,present tense 3rd.sg,"['opinion', 'advice']","('DT', 'a', 'NN(sg)')",1
618,past participle,"['opinion', 'advice']","('DT', 'a', 'NN(sg)')",2
619,base,"['possibility', 'request', 'permission']","('DT', 'a', 'NN(sg)')",0
620,base,,OTHER,1
621,present tense non-3rd.sg,,"('DT', 'a', 'NN(sg)')",2
622,past participle,"['opinion', 'advice']",OTHER,3
623,base,,"('DT', 'an', 'JJ', 'NN(sg)')",0
624,,,"('DT', 'another', 'NN(sg)')",0
625,past tense,"['possibility', 'request', 'permission']",OTHER,5
626,base,,"('DT', 'the', 'JJ', 'NN(sg)')",2
627,present participle,"['obligation', 'certainty']",OTHER,1
628,present participle,,"('DT', 'a', 'NN(sg)')",1
629,present tense non-3rd.sg,,"('DT', 'the', 'NN(sg)')",3
630,past participle,"['ability', 'suggestion', 'request']","('DT', 'a', 'NN(sg)')",1
631,past participle,"['ability', 'request', 'suggestion']","('DT', 'the', 'NN(sg)')",1
632,past participle,['possibility'],OTHER,1
633,present tense non-3rd.sg,"['ability', 'request', 'suggestion']","('DT', 'every', 'JJ', 'NN(sg)')",2
634,base,"['ability', 'request', 'suggestion']",OTHER,5
635,present tense 3rd.sg,,OTHER,1
636,present tense 3rd.sg,"['possibility', 'request', 'permission']","('DT', 'the', 'JJ', 'NN(sg)')",0
637,past participle,"['possibility', 'request', 'permission']",OTHER JJ,9
638,present tense non-3rd.sg,,OTHER,0
639,present tense 3rd.sg,,"('DT', 'a', 'JJ', 'NN(sg)')",0
640,present tense 3rd.sg,,NNP(proper),1
641,base,"['ability', 'request', 'suggestion']",OTHER,4
642,present tense 3rd.sg,,"('DT', 'the', 'NN(sg)')",1
643,present tense 3rd.sg,,"('DT', 'the', 'NN(sg)')",0
644,past participle,"['opinion', 'advice']","('DT', 'the', 'NN(sg)')",1
645,past tense,"['opinion', 'advice']","('DT', 'every', 'NN(sg)')",6
646,,"['ability', 'request', 'suggestion']","('DT', 'the', 'NN(sg)')",1
647,present tense 3rd.sg,,OTHER,0
648,present tense 3rd.sg,"['ability', 'suggestion', 'request']",OTHER,1
649,past participle,"['possibility', 'request', 'permission']",OTHER,3
650,past participle,"['ability', 'suggestion', 'request']","('DT', 'one', 'JJ', 'NNS(pl)')",1
651,past tense,,"('DT', 'the', 'NN(sg)')",1
652,present participle,"['opinion', 'advice']","('DT', 'the', 'NN(sg)')",1
653,past tense,,"('DT', 'the', 'NN(sg)')",0
654,present participle,"['ability', 'suggestion', 'request']","('DT', 'the', 'NN(sg)')",5
655,base,"['ability', 'suggestion', 'request']",OTHER,3
656,,"['ability', 'suggestion', 'request']",OTHER JJ,1
657,base,"['obligation', 'certainty']",OTHER JJ,7
658,past participle,"['obligation', 'certainty']",OTHER JJ,4
659,base,"['obligation', 'certainty']",OTHER JJ,3
660,base,"['obligation', 'certainty']",OTHER JJ,1
661,base,"['ability', 'suggestion', 'request']","('DT', 'the', 'NN(sg)')",3
662,present participle,"['possibility', 'request', 'permission']",OTHER,5
663,past participle,['possibility'],"('DT', 'the', 'NN(sg)')",2
664,base,,"('DT', 'the', 'JJ', 'NN(sg)')",1
665,base,"['opinion', 'advice']",OTHER,4
666,past participle,,"('DT', 'the', 'NN(sg)')",1
667,past tense,"['possibility', 'request', 'permission']","('DT', 'the', 'NN(sg)')",5
668,past tense,,"('DT', 'the', 'NN(sg)')",1
669,past tense,,"('DT', 'the', 'NN(sg)')",1
670,past tense,,"('DT', 'the', 'NN(sg)')",3
671,present participle,['possibility'],"('DT', 'a', 'NN(sg)')",2
672,past participle,,"('DT', 'the', 'NN(sg)')",0
673,base,"['ability', 'request', 'suggestion']","('DT', 'a', 'NN(sg)')",2
674,present tense 3rd.sg,,"('DT', 'the', 'NN(sg)')",1
675,present tense 3rd.sg,"['opinion', 'advice']",OTHER,0
676,present participle,,"('DT', 'the', 'NN(sg)')",1
677,present tense 3rd.sg,,"('DT', 'the', 'NN(sg)')",1
678,present tense 3rd.sg,"['opinion', 'advice']",OTHER,3
679,,"['possibility', 'request', 'permission']","('DT', 'a', 'JJ', 'NN(sg)')",0
680,present tense 3rd.sg,,"('DT', 'the', 'NN(sg)')",3
681,base,,"('DT', 'the', 'NN(sg)')",0
682,base,[],"('DT', 'the', 'NN(sg)')",1
683,present tense 3rd.sg,,"('DT', 'the', 'NN(sg)')",0
684,past participle,,OTHER,5
685,past participle,,"('DT', 'a', 'NN(sg)')",2
686,past participle,,"('DT', 'a', 'NN(sg)')",0
687,past tense,,"('DT', 'the', 'NN(sg)')",0
688,present tense 3rd.sg,,"('DT', 'the', 'NN(sg)')",0
689,,"['ability', 'suggestion', 'request']","('DT', 'the', 'NN(sg)')",0
690,present tense 3rd.sg,,"('DT', 'the', 'NN(sg)')",0
691,base,,"('DT', 'the', 'NN(sg)')",1
692,present tense 3rd.sg,"['opinion', 'advice']","('DT', 'the', 'NN(sg)')",2
693,past participle,"['opinion', 'advice']","('DT', 'the', 'NN(sg)')",0
694,past participle,"['opinion', 'advice']","('DT', 'the', 'NN(sg)')",0
695,past tense,"['possibility', 'request', 'permission']","('DT', 'the', 'NN(sg)')",2
696,past participle,,"('DT', 'the', 'NN(sg)')",0
697,base,"['possibility', 'request', 'permission']","('DT', 'the', 'NN(sg)')",3
698,past participle,,OTHER,0
699,past participle,"['possibility', 'request', 'permission']","('DT', 'the', 'NN(sg)')",2
700,present tense 3rd.sg,,"('DT', 'the', 'JJ', 'NN(sg)')",2
701,base,"['obligation', 'certainty']","('DT', 'the', 'NN(sg)')",0
702,past participle,"['possibility', 'request', 'permission']","('DT', 'a', 'NN(sg)')",1
703,present tense 3rd.sg,,"('DT', 'the', 'NN(sg)')",1
704,base,"['opinion', 'advice']","('DT', 'the', 'NN(sg)')",0
705,past participle,"['ability', 'suggestion', 'request']","('DT', 'a', 'NN(sg)')",1
706,present tense 3rd.sg,,"('DT', 'some', 'NN(sg)')",1
707,base,,"('DT', 'the', 'NN(sg)')",1
708,present tense 3rd.sg,,"('DT', 'one', 'JJ', 'NN(sg)')",1
709,present tense non-3rd.sg,"['ability', 'suggestion', 'request']","('DT', 'the', 'NN(sg)')",2
710,present tense non-3rd.sg,"['ability', 'suggestion', 'request']","('DT', 'the', 'NN(sg)')",1
711,past participle,"['ability', 'suggestion', 'request']","('DT', 'the', 'NN(sg)')",3
712,present tense 3rd.sg,,"('DT', 'the', 'NN(sg)')",1
713,present tense 3rd.sg,,OTHER,4
714,base,"['obligation', 'certainty']","('DT', 'the', 'NN(sg)')",2
715,past participle,"['opinion', 'advice']","('DT', 'the', 'NN(sg)')",2
716,past participle,,"('DT', 'an', 'NN(sg)')",2
717,,,"('DT', 'a', 'NN(sg)')",0
718,base,"['ability', 'suggestion', 'request']","('DT', 'the', 'NN(sg)')",1
719,present tense non-3rd.sg,"['possibility', 'request', 'permission']","('DT', 'the', 'NN(sg)')",0
720,present tense non-3rd.sg,"['possibility', 'request', 'permission']","('DT', 'the', 'NN(sg)')",1
721,present tense non-3rd.sg,,"('DT', 'an', 'JJ', 'NN(sg)')",2
722,present participle,"['opinion', 'advice']",OTHER,4
723,past participle,,"('DT', 'a', 'JJ', 'NN(sg)')",2
724,base,,"('DT', 'the', 'NN(sg)')",0
725,past participle,,"('DT', 'the', 'NN(sg)')",1
726,past participle,,"('DT', 'the', 'NN(sg)')",1
727,past participle,['possibility'],"('DT', 'the', 'NN(sg)')",3
728,base,"['ability', 'request', 'suggestion']","('DT', 'the', 'NN(sg)')",0
729,present tense non-3rd.sg,,"('DT', 'one', 'JJ', 'NN(sg)')",3
730,past participle,,"('DT', 'the', 'NN(sg)')",2
731,present participle,,"('DT', 'a', 'NN(sg)')",1
732,past tense,,"('DT', 'an', 'NN(sg)')",0
733,present tense 3rd.sg,"['ability', 'suggestion', 'request']","('DT', 'the', 'NN(sg)')",4
734,base,,OTHER,2
735,past tense,,NNP(proper),0
736,past participle,"['ability', 'suggestion', 'request']","('DT', 'a', 'JJ', 'NN(sg)')",7
737,past participle,,"('DT', 'the', 'NN(sg)')",4
738,past tense,,"('DT', 'the', 'NN(sg)')",1
739,base,"['opinion', 'advice']","('DT', 'the', 'NN(sg)')",0
740,past participle,,OTHER,1
741,past participle,,NNP(proper),1
742,past tense,,NNP(proper),0
743,base,,OTHER,4
744,base,,OTHER,1
745,past participle,,"('DT', 'the', 'NN(sg)')",1
746,present participle,,OTHER,2
747,base,['possibility'],OTHER,4
748,base,,"('DT', 'the', 'NN(sg)')",0
749,base,"['opinion', 'advice']",OTHER,1
750,base,[],"('DT', 'the', 'NN(sg)')",2
751,present tense 3rd.sg,,"('DT', 'the', 'NN(sg)')",0
752,present participle,,OTHER,0
753,past participle,,OTHER,3
754,base,,NNP(proper),0
755,past participle,"['ability', 'suggestion', 'request']",NNP(proper),4
756,base,,NNP(proper),3
757,past tense,,OTHER,2
758,base,,"('DT', 'a', 'NN(sg)')",0
759,,,OTHER,1
760,base,,OTHER,0
761,past participle,,NNP(proper),1
762,past tense,,OTHER,0
763,base,,OTHER,1
764,past participle,,OTHER,1
765,present participle,,"('DT', 'the', 'NN(sg)')",2
766,base,"['ability', 'request', 'suggestion']","('DT', 'this', 'JJ', 'NN(sg)')",0
767,past participle,,OTHER,0
768,past tense,,"('DT', 'a', 'JJ', 'NN(sg)')",2
769,present tense 3rd.sg,"['possibility', 'request', 'permission']","('DT', 'the', 'NN(sg)')",3
770,past tense,"['ability', 'request', 'suggestion']",OTHER,3
771,present participle,,OTHER,0
772,base,[],"('DT', 'the', 'NN(sg)')",0
773,base,,"('DT', 'the', 'NNS(pl)')",1
774,present tense 3rd.sg,"['possibility', 'request', 'permission']","('DT', 'a', 'NN(sg)')",3
775,past tense,,OTHER,1
776,past tense,,"('DT', 'the', 'NN(sg)')",1
777,base,,"('DT', 'the', 'NN(sg)')",3
778,base,"['ability', 'suggestion', 'request']","('DT', 'the', 'NN(sg)')",2
779,base,,"('DT', 'a', 'NN(sg)')",0
780,present participle,,OTHER,4
781,base,,OTHER,1
782,past tense,"['ability', 'request', 'suggestion']","('DT', 'the', 'NN(sg)')",1
783,past participle,,"('DT', 'a', 'NN(sg)')",3
784,past tense,,OTHER,3
785,base,,OTHER,0
786,base,"['possibility', 'request', 'permission']","('DT', 'a', 'NN(sg)')",2
787,present participle,,OTHER JJ,3
788,past participle,,NNP(proper),0
789,present tense non-3rd.sg,"['obligation', 'certainty']",OTHER,1
790,present participle,,"('DT', 'a', 'NN(sg)')",2
791,present tense 3rd.sg,,"('DT', 'a', 'NN(sg)')",0
792,present tense 3rd.sg,"['possibility', 'request', 'permission']",OTHER,1
793,present tense non-3rd.sg,"['possibility', 'request', 'permission']",OTHER,1
794,past participle,,"('DT', 'the', 'NN(sg)')",0
795,past participle,"['ability', 'request', 'suggestion']","('DT', 'the', 'NN(sg)')",0
796,base,,"('DT', 'the', 'NN(sg)')",1
797,past participle,,"('DT', 'the', 'NN(sg)')",1
798,present tense 3rd.sg,,"('DT', 'the', 'NN(sg)')",1
799,present tense non-3rd.sg,"['ability', 'suggestion', 'request']",OTHER,1
800,present tense non-3rd.sg,,"('DT', 'a', 'NN(sg)')",0
801,present tense non-3rd.sg,"['ability', 'suggestion', 'request']",OTHER,2
802,past participle,,"('DT', 'an', 'NN(sg)')",0
803,base,"['ability', 'suggestion', 'request']","('DT', 'the', 'NN(sg)')",0
804,past participle,"['ability', 'suggestion', 'request']",OTHER,5
805,base,,"('DT', 'an', 'NN(sg)')",2
806,present participle,"['opinion', 'advice']",OTHER,2
807,past participle,,OTHER,2
808,base,"['ability', 'request', 'suggestion']","('DT', 'a', 'NN(sg)')",1
809,past tense,"['opinion', 'advice']","('DT', 'the', 'NN(sg)')",0
810,,,"('DT', 'a', 'NN(sg)')",0
811,past tense,,"('DT', 'the', 'NN(sg)')",2
812,past participle,['possibility'],"('DT', 'the', 'NN(sg)')",2
813,past participle,"['opinion', 'advice']","('DT', 'the', 'NN(sg)')",3
814,present participle,"['ability', 'request', 'suggestion']",NNP(proper),4
815,present tense non-3rd.sg,,"('DT', 'a', 'NN(sg)')",0
816,past participle,,OTHER,3
817,present participle,"['ability', 'suggestion', 'request']",OTHER,7
818,present participle,"['opinion', 'advice']","('DT', 'the', 'NN(sg)')",1
819,present participle,"['ability', 'request', 'suggestion']","('DT', 'a', 'NN(sg)')",1
820,base,,OTHER,2
821,base,,OTHER,0
822,base,"['ability', 'request', 'suggestion']",OTHER,2
823,past tense,,"('DT', 'the', 'NN(sg)')",2
824,present tense 3rd.sg,,OTHER,0
825,past tense,"['ability', 'request', 'suggestion']",OTHER,1
826,present tense 3rd.sg,,"('DT', 'a', 'NN(sg)')",2
827,past participle,,"('DT', 'a', 'NN(sg)')",0
828,past participle,"['possibility', 'request', 'permission']","('DT', 'another', 'NN(sg)')",4
829,present participle,"['obligation', 'certainty']","('DT', 'the', 'NN(sg)')",1
830,base,,"('DT', 'the', 'NN(sg)')",0
831,present tense 3rd.sg,,"('DT', 'a', 'NN(sg)')",4
832,present tense 3rd.sg,"['ability', 'suggestion', 'request']","('DT', 'a', 'NN(sg)')",0
833,present tense non-3rd.sg,,OTHER,7
834,base,"['possibility', 'request', 'permission']","('DT', 'the', 'NN(sg)')",2
835,present tense 3rd.sg,"['obligation', 'certainty']","('DT', 'a', 'NN(sg)')",4
836,base,,"('DT', 'the', 'JJ', 'NN(sg)')",0
837,present participle,,"('DT', 'the', 'NN(sg)')",3
838,present tense 3rd.sg,,"('DT', 'each', 'NN(sg)')",2
839,base,,"('DT', 'a', 'JJ', 'NN(sg)')",4
840,base,,"('DT', 'the', 'NN(sg)')",6
841,present participle,,"('DT', 'the', 'NN(sg)')",3
842,past tense,,"('DT', 'the', 'NN(sg)')",1
843,present tense 3rd.sg,,OTHER,1
844,present tense 3rd.sg,,"('DT', 'every', 'NN(sg)')",2
845,past tense,,"('DT', 'a', 'NN(sg)')",0
846,base,"['ability', 'suggestion', 'request']","('DT', 'the', 'NN(sg)')",2
847,base,,"('DT', 'the', 'NN(sg)')",1
848,present participle,,"('DT', 'a', 'NN(sg)')",2
849,present tense 3rd.sg,,NNP(proper),1
850,present participle,,"('DT', 'the', 'JJ', 'NN(sg)')",2
851,present tense 3rd.sg,,"('DT', 'the', 'NN(sg)')",2
852,present tense 3rd.sg,,"('DT', 'that', 'NN(sg)')",7
853,past participle,,OTHER,6
854,present tense non-3rd.sg,,"('DT', 'each', 'NN(sg)')",0
855,past participle,,"('DT', 'the', 'NN(sg)')",1
856,base,,"('DT', 'the', 'NN(sg)')",2
857,past tense,"['ability', 'request', 'suggestion']","('DT', 'the', 'NN(sg)')",2
858,present tense 3rd.sg,,"('DT', 'the', 'NN(sg)')",1
859,present tense 3rd.sg,,NNP(proper),0
860,past participle,,OTHER,2
861,present participle,,"('DT', 'every', 'NN(sg)')",1
862,present tense 3rd.sg,,"('DT', 'each', 'NN(sg)')",0
863,present tense 3rd.sg,,"('DT', 'the', 'JJ', 'NN(sg)')",3
864,past participle,"['ability', 'suggestion', 'request']","('DT', 'the', 'NN(sg)')",0
865,past participle,"['possibility', 'request', 'permission']","('DT', 'the', 'NN(sg)')",2
866,base,"['possibility', 'request', 'permission']",OTHER,3
867,past participle,"['possibility', 'request', 'permission']","('DT', 'the', 'NN(sg)')",1
868,past participle,,"('DT', 'the', 'NN(sg)')",0
869,past participle,['possibility'],"('DT', 'the', 'NN(sg)')",0
870,base,"['ability', 'request', 'suggestion']","('DT', 'the', 'NN(sg)')",2
871,past tense,"['obligation', 'certainty']","('DT', 'the', 'NN(sg)')",2
872,past participle,"['obligation', 'certainty']",OTHER,1
873,base,"['ability', 'suggestion', 'request']","('DT', 'the', 'NN(sg)')",1
874,past participle,"['opinion', 'advice']","('DT', 'the', 'NN(sg)')",2
875,past tense,"['opinion', 'advice']",NNP(proper),1
876,base,"['opinion', 'advice']",OTHER,1
877,present tense 3rd.sg,"['opinion', 'advice']","('DT', 'an', 'JJ', 'NN(sg)')",0
878,base,"['possibility', 'request', 'permission']","('DT', 'the', 'NN(sg)')",1
879,present tense 3rd.sg,"['opinion', 'advice']",OTHER,1
880,past participle,"['possibility', 'request', 'permission']",OTHER,0
881,past tense,,OTHER,1
882,past tense,,"('DT', 'the', 'NN(sg)')",2
883,base,"['ability', 'request', 'suggestion']","('DT', 'the', 'NN(sg)')",2
884,past tense,,"('DT', 'the', 'NN(sg)')",2
885,past tense,,NNP(proper),0
886,present tense 3rd.sg,,OTHER,0
887,past tense,,NNP(proper),1
888,past participle,"['ability', 'request', 'suggestion']","('DT', 'the', 'NN(sg)')",2
889,present tense non-3rd.sg,,OTHER,0
890,present participle,,NNP(proper),2
891,present tense 3rd.sg,,"('DT', 'the', 'NN(sg)')",1
892,base,,OTHER,3
893,past tense,"['ability', 'request', 'suggestion']","('DT', 'the', 'NN(sg)')",5
894,base,,"('DT', 'the', 'NN(sg)')",1
895,past tense,,"('DT', 'a', 'NN(sg)')",2
896,base,,"('DT', 'the', 'JJ', 'NN(sg)')",2
897,base,"['opinion', 'advice']",OTHER,3
898,present participle,"['possibility', 'request', 'permission']","('DT', 'a', 'NN(sg)')",6
899,past tense,,"('DT', 'the', 'NN(sg)')",2
900,past participle,,"('DT', 'the', 'NN(sg)')",0
901,present tense 3rd.sg,,"('DT', 'a', 'NN(sg)')",1
902,base,"['obligation', 'certainty']",OTHER,4
903,past tense,,NNP(proper),1
904,base,,NNP(proper),0
905,present tense 3rd.sg,,NNP(proper),0
906,past participle,,NNP(proper),0
907,past tense,"['ability', 'suggestion', 'request']",NNP(proper),2
908,past participle,,OTHER,5
909,present participle,,NNP(proper),1
910,past participle,['possibility'],OTHER,1
911,past participle,,OTHER,1
912,base,,"('DT', 'the', 'NN(sg)')",0
913,base,,OTHER,1
914,present participle,,NNP(proper),0
915,past participle,,OTHER,0
916,,"['ability', 'suggestion', 'request']","('DT', 'a', 'NN(sg)')",0
917,base,"['ability', 'suggestion', 'request']","('DT', 'some', 'JJ', 'NN(sg)')",4
918,present tense 3rd.sg,"['possibility', 'request', 'permission']",OTHER,8
919,base,"['obligation', 'certainty']",NNP(proper),0
920,base,"['ability', 'suggestion', 'request']",OTHER,3
921,past participle,,OTHER,1
922,base,,OTHER,1
923,base,,OTHER,0
924,base,,OTHER,4
925,base,"['obligation', 'certainty']","('DT', 'the', 'NN(sg)')",1
926,,,OTHER JJ,2
927,present tense non-3rd.sg,,"('DT', 'a', 'NN(sg)')",1
928,past participle,,OTHER,0
929,present participle,,"('DT', 'any', 'NN(sg)')",1
930,base,,OTHER,0
931,present participle,,OTHER,1
932,present participle,,"('DT', 'the', 'NN(sg)')",2
933,past participle,,NNP(proper),0
934,past participle,"['ability', 'request', 'suggestion']",NNP(proper),3
935,present participle,,OTHER,0
936,present participle,,OTHER,0
937,past tense,,NNP(proper),1
938,present tense 3rd.sg,"['obligation', 'certainty']",NNP(proper),1
939,past participle,,OTHER,0
940,present tense 3rd.sg,,OTHER,0
941,past participle,,NNP(proper),2
942,past participle,,OTHER,1
943,base,,"('DT', 'the', 'NN(sg)')",3
944,base,"['ability', 'request', 'suggestion']","('DT', 'a', 'NN(sg)')",1
945,,,OTHER,0
946,past participle,"['ability', 'suggestion', 'request']",NNP(proper),1
947,base,,"('DT', 'the', 'NN(sg)')",1
948,past participle,,NNP(proper),1
949,past participle,,OTHER,0
950,past tense,,NNP(proper),3
951,past participle,,"('DT', 'the', 'NN(sg)')",4
952,present participle,,OTHER,3
953,past participle,"['ability', 'request', 'suggestion']","('DT', 'a', 'NN(sg)')",1
954,past tense,[],"('DT', 'the', 'NN(sg)')",3
955,past participle,,NNP(proper),0
956,past participle,,OTHER JJ,0
957,,"['ability', 'suggestion', 'request']",OTHER,16
958,,"['opinion', 'advice']",OTHER,3
959,base,,NNP(proper),0
960,past participle,,NNP(proper),0
961,present tense 3rd.sg,,NNP(proper),3
962,past participle,,NNP(proper),1
963,past participle,,OTHER,0
964,base,,OTHER,2
965,present tense 3rd.sg,"['possibility', 'request', 'permission']",OTHER,0
966,base,,OTHER,0
967,past participle,,"('DT', 'the', 'NN(sg)')",4
968,past participle,,NNP(proper),1
969,base,"['ability', 'suggestion', 'request']",OTHER,1
970,base,,NNP(proper),0
971,base,,OTHER,0
972,present tense 3rd.sg,,OTHER,1
973,present participle,[],OTHER,4
974,past tense,"['ability', 'request', 'suggestion']",OTHER,2
975,present tense 3rd.sg,,OTHER,2
976,,"['ability', 'suggestion', 'request']",OTHER,4
977,present tense non-3rd.sg,"['ability', 'suggestion', 'request']",OTHER,2
978,present participle,"['ability', 'suggestion', 'request']",OTHER,2
979,present participle,"['ability', 'suggestion', 'request']",OTHER,2
980,past participle,,"('DT', 'the', 'NN(sg)')",5
981,past participle,,"('DT', 'a', 'NN(sg)')",2
982,past participle,,"('DT', 'the', 'NN(sg)')",1
983,base,,OTHER,2
984,base,,OTHER,0
985,past participle,,OTHER,1
986,past participle,,OTHER,1
987,present participle,,OTHER JJ,0
988,past participle,,OTHER,3
989,base,[],NNP(proper),3
990,past tense,,"('DT', 'the', 'NN(sg)')",1
991,past participle,"['possibility', 'request', 'permission']",OTHER,8
992,base,"['ability', 'suggestion', 'request']","('DT', 'this', 'JJ', 'NN(sg)')",2
993,present participle,[],"('DT', 'the', 'NN(sg)')",4
994,past tense,,"('DT', 'the', 'NN(sg)')",5
995,base,"['possibility', 'request', 'permission']","('DT', 'the', 'NN(sg)')",3
996,base,[],OTHER,3
997,present tense 3rd.sg,,"('DT', 'the', 'JJ', 'NN(sg)')",6
998,base,,"('DT', 'the', 'NN(sg)')",3
999,past tense,,"('DT', 'the', 'NN(sg)')",1
1000,base,,"('DT', 'a', 'NN(sg)')",1
1001,,"['ability', 'suggestion', 'request']","('DT', 'a', 'NN(sg)')",5
1002,past participle,['possibility'],NNP(proper),1
1003,base,"['obligation', 'certainty']",OTHER,2
1004,base,"['possibility', 'request', 'permission']","('DT', 'any', 'NN(sg)')",7
1005,past participle,,"('DT', 'the', 'JJ', 'NN(sg)')",5
1006,past tense,,"('DT', 'the', 'NN(sg)')",3
1007,base,,OTHER,0
1008,past participle,,NNP(proper),4
1009,,"['ability', 'request', 'suggestion']",OTHER,1
1010,past participle,"['obligation', 'certainty']","('DT', 'the', 'NN(sg)')",2
1011,past participle,"['ability', 'suggestion', 'request']","('DT', 'the', 'NN(sg)')",3
1012,past participle,,NNP(proper),7
1013,past tense,,"('DT', 'a', 'NN(sg)')",1
1014,base,"['ability', 'suggestion', 'request']","('DT', 'the', 'NN(sg)')",1
1015,present tense 3rd.sg,,NNP(proper),1
1016,present tense non-3rd.sg,,OTHER,0
1017,present tense non-3rd.sg,,NNP(proper),0
1018,past tense,,OTHER,5
1019,past tense,,NNP(proper),2
1020,base,,OTHER,1
1021,present tense 3rd.sg,"['ability', 'suggestion', 'request']",OTHER,3
1022,present tense 3rd.sg,"['obligation', 'certainty']",OTHER,3
1023,past participle,,OTHER,0
1024,present tense 3rd.sg,,OTHER JJ,3
1025,base,[],"('DT', 'one', 'JJ', 'NN(sg)')",3
1026,past tense,,"('DT', 'one', 'JJ', 'NNS(pl)')",0
1027,base,,"('DT', 'the', 'NN(sg)')",2
1028,past tense,,OTHER,2
1029,past participle,,OTHER,0
1030,present tense 3rd.sg,,OTHER,1
1031,past participle,,OTHER,1
1032,base,,OTHER,0
1033,base,,"('DT', 'only', 'JJ', 'NN(sg)')",3
1034,base,,"('DT', 'the', 'NN(sg)')",1
1035,past participle,,OTHER JJ,3
1036,,,OTHER,1
1037,past participle,,"('DT', 'the', 'NN(sg)')",0
1038,past participle,['possibility'],OTHER,1
1039,base,,"('DT', 'a', 'NN(sg)')",1
1040,base,,"('DT', 'the', 'NN(sg)')",0
1041,present participle,,OTHER,0
1042,,,"('DT', 'a', 'NN(sg)')",2
1043,present tense 3rd.sg,,OTHER,0
1044,base,,"('DT', 'the', 'NN(sg)')",1
1045,base,"['opinion', 'advice']",OTHER,2
1046,present participle,,"('DT', 'the', 'NN(sg)')",0
1047,base,"['ability', 'request', 'suggestion']",OTHER JJ,2
1048,past participle,,OTHER,1
1049,past participle,,NNP(proper),1
1050,base,,"('DT', 'the', 'NN(sg)')",2
1051,past participle,,NNP(proper),0
1052,past participle,"['possibility', 'request', 'permission']",NNP(proper),1
1053,past participle,,OTHER,1
1054,past participle,,NNP(proper),0
1055,past participle,,"('DT', 'the', 'NN(sg)')",1
1056,past participle,"['ability', 'suggestion', 'request']","('DT', 'a', 'NN(sg)')",0
1057,present participle,,"('DT', 'a', 'NN(sg)')",2
1058,base,,OTHER,0
1059,present tense 3rd.sg,,"('DT', 'the', 'NN(sg)')",1
1060,present participle,"['ability', 'suggestion', 'request']","('DT', 'the', 'NN(sg)')",1
1061,base,,OTHER,2
1062,base,,"('DT', 'the', 'NN(sg)')",0
1063,base,,"('DT', 'the', 'NN(sg)')",0
1064,past tense,,OTHER,0
1065,present participle,,"('DT', 'the', 'NN(sg)')",2
1066,present tense non-3rd.sg,,"('DT', 'each', 'NN(sg)')",1
1067,base,"['ability', 'request', 'suggestion']",OTHER,2
1068,base,,OTHER,1
1069,present participle,,NNP(proper),4
1070,present participle,,"('DT', 'the', 'NN(sg)')",3
1071,present tense 3rd.sg,,"('DT', 'the', 'NN(sg)')",4
1072,past tense,,OTHER,2
1073,present tense 3rd.sg,,NNP(proper),5
1074,base,"['ability', 'suggestion', 'request']",OTHER,4
1075,,"['opinion', 'advice']",OTHER,0
1076,present tense non-3rd.sg,,"('DT', 'the', 'NN(sg)')",0
1077,base,,NNS(pl),0
1078,,,"('DT', 'the', 'NN(sg)')",1
1079,present participle,,NNP(proper),0
1080,present tense 3rd.sg,"['obligation', 'certainty']",OTHER,4
1081,present tense 3rd.sg,"['opinion', 'advice']","('DT', 'every', 'NN(sg)')",3
1082,past participle,,"('DT', 'a', 'NN(sg)')",0
1083,,,OTHER,0
1084,past participle,"['opinion', 'advice']","('DT', 'the', 'NN(sg)')",1
1085,base,,"('DT', 'the', 'NN(sg)')",3
1086,base,,OTHER,2
1087,present participle,,"('DT', 'any', 'NN(sg)')",1
1088,present participle,"['possibility', 'request', 'permission']","('DT', 'the', 'NN(sg)')",0
1089,past tense,,OTHER,2
1090,base,"['ability', 'suggestion', 'request']",OTHER,4
1091,past tense,,"('DT', 'the', 'NN(sg)')",6
1092,past tense,,NNP(proper),2
1093,base,,OTHER,1
1094,base,,"('DT', 'the', 'NN(sg)')",2
1095,base,"['opinion', 'advice']","('DT', 'the', 'NN(sg)')",1
1096,base,"['possibility', 'request', 'permission']","('DT', 'the', 'NN(sg)')",1
1097,present participle,,"('DT', 'the', 'NN(sg)')",2
1098,past tense,,"('DT', 'a', 'NN(sg)')",1
1099,present participle,,"('DT', 'a', 'NN(sg)')",1
1100,present participle,"['obligation', 'certainty']","('DT', 'the', 'NN(sg)')",1
1101,base,,"('DT', 'the', 'NN(sg)')",0
1102,past tense,,OTHER,3
1103,past tense,,NNP(proper),2
1104,past tense,,OTHER,0
1105,base,,"('DT', 'the', 'NN(sg)')",0
1106,present tense 3rd.sg,"['obligation', 'certainty']","('DT', 'the', 'NN(sg)')",3
1107,base,,OTHER,3
1108,present participle,,"('DT', 'the', 'NN(sg)')",2
1109,present participle,,"('DT', 'the', 'NN(sg)')",2
1110,past participle,,NNP(proper),2
1111,past tense,"['opinion', 'advice']","('DT', 'a', 'JJ', 'NN(sg)')",1
1112,present tense 3rd.sg,,NNP(proper),3
1113,past participle,,NNP(proper),3
1114,present tense 3rd.sg,"['possibility', 'request', 'permission']",OTHER,1
1115,past participle,,NNP(proper),0
1116,present participle,,"('DT', 'a', 'NN(sg)')",1
1117,past tense,,"('DT', 'the', 'NN(sg)')",4
1118,present participle,,"('DT', 'the', 'NN(sg)')",0
1119,past tense,,OTHER,0
1120,present participle,,"('DT', 'a', 'NN(sg)')",1
1121,present tense 3rd.sg,"['possibility', 'request', 'permission']","('DT', 'an', 'NN(sg)')",0
1122,present participle,,OTHER JJ,2
1123,present participle,"['ability', 'suggestion', 'request']","('DT', 'the', 'NN(sg)')",4
1124,present tense non-3rd.sg,,OTHER,6
1125,base,"['possibility', 'request', 'permission']","('DT', 'a', 'JJ', 'NN(sg)')",2
1126,past tense,,"('DT', 'such', 'JJ', 'NN(sg)')",0
1127,,"['ability', 'request', 'suggestion']","('DT', 'a', 'NN(sg)')",2
1128,present participle,,"('DT', 'a', 'JJ', 'NN(sg)')",0
1129,present tense non-3rd.sg,,NNP(proper),2
1130,,,OTHER,0
1131,past participle,,"('DT', 'the', 'NN(sg)')",6
1132,present tense 3rd.sg,,NNP(proper),2
1133,base,,OTHER,0
1134,present tense 3rd.sg,"['possibility', 'request', 'permission']",OTHER,2
1135,present tense 3rd.sg,"['ability', 'suggestion', 'request']",OTHER,2
1136,present tense 3rd.sg,,OTHER,1
1137,past tense,,"('DT', 'the', 'NN(sg)')",2
1138,base,,OTHER,6
1139,past tense,,"('DT', 'the', 'NN(sg)')",1
1140,past participle,['possibility'],"('DT', 'the', 'JJ', 'NN(sg)')",0
1141,past participle,,NNP(proper),0
1142,present tense 3rd.sg,,"('DT', 'the', 'JJ', 'NN(sg)')",3
1143,present tense 3rd.sg,"['obligation', 'certainty']","('DT', 'the', 'NN(sg)')",0
1144,base,"['obligation', 'certainty']","('DT', 'the', 'NN(sg)')",1
1145,base,,"('DT', 'the', 'NN(sg)')",1
1146,base,,"('DT', 'the', 'NN(sg)')",4
1147,present tense 3rd.sg,"['ability', 'suggestion', 'request']","('DT', 'the', 'NN(sg)')",3
1148,present tense 3rd.sg,,"('DT', 'the', 'JJ', 'NN(sg)')",2
1149,,['possibility'],"('DT', 'the', 'NN(sg)')",2
1150,past participle,[],OTHER,3
1151,base,"['ability', 'suggestion', 'request']",OTHER,8
1152,past participle,,OTHER,1
1153,base,,"('DT', 'the', 'NN(sg)')",3
1154,,"['possibility', 'request', 'permission']","('DT', 'the', 'NN(sg)')",1
1155,past participle,,"('DT', 'the', 'NN(sg)')",5
1156,present participle,,"('DT', 'a', 'NN(sg)')",5
1157,past participle,[],"('DT', 'the', 'JJ', 'NN(sg)')",3
1158,present tense non-3rd.sg,,OTHER,4
1159,present participle,"['ability', 'suggestion', 'request']","('DT', 'the', 'NN(sg)')",5
1160,past tense,,OTHER,0
1161,,,OTHER,0
1162,present tense 3rd.sg,,"('DT', 'the', 'NN(sg)')",1
1163,past participle,"['obligation', 'certainty']",OTHER JJ,0
1164,present participle,"['obligation', 'certainty']","('DT', 'the', 'NN(sg)')",2
1165,past participle,,"('DT', 'the', 'NN(sg)')",0
1166,present participle,,"('DT', 'the', 'NN(sg)')",2
1167,present tense non-3rd.sg,,"('DT', 'the', 'NN(sg)')",6
1168,present tense 3rd.sg,,OTHER,1
1169,base,,"('DT', 'the', 'NN(sg)')",1
1170,present participle,,"('DT', 'a', 'JJ', 'NN(sg)')",1
1171,past participle,,"('DT', 'the', 'NN(sg)')",2
1172,present tense non-3rd.sg,,NNP(proper),4
1173,present participle,,NNP(proper),5
1174,past participle,,"('DT', 'the', 'NN(sg)')",0
1175,present participle,"['possibility', 'request', 'permission']","('DT', 'the', 'NN(sg)')",1
1176,present tense non-3rd.sg,,OTHER,2
1177,past tense,,"('DT', 'the', 'NN(sg)')",0
1178,base,,OTHER,2
1179,present tense 3rd.sg,"['obligation', 'certainty']","('DT', 'the', 'NN(sg)')",0
1180,past participle,,"('DT', 'no', 'NN(sg)')",0
1181,present tense 3rd.sg,"['ability', 'suggestion', 'request']","('DT', 'the', 'NN(sg)')",0
1182,base,"['obligation', 'certainty']",OTHER,2
1183,past tense,,"('DT', 'the', 'NN(sg)')",2
1184,past tense,,OTHER,2
1185,past participle,"['possibility', 'request', 'permission']",OTHER,2
1186,past tense,"['ability', 'suggestion', 'request']","('DT', 'the', 'JJ', 'NN(sg)')",1
1187,past participle,"['opinion', 'advice']","('DT', 'every', 'NN(sg)')",3
1188,present tense 3rd.sg,,"('DT', 'the', 'NN(sg)')",1
1189,past tense,,"('DT', 'the', 'NN(sg)')",0
1190,past tense,,"('DT', 'the', 'NN(sg)')",1
1191,base,"['possibility', 'request', 'permission']","('DT', 'the', 'NN(sg)')",1
1192,past tense,,"('DT', 'the', 'NN(sg)')",1
1193,present participle,,"('DT', 'the', 'NN(sg)')",2
1194,present tense 3rd.sg,,"('DT', 'the', 'NN(sg)')",0
1195,past tense,,"('DT', 'a', 'NN(sg)')",0
1196,past tense,,NNP(proper),4
1197,past participle,,NNP(proper),0
1198,past tense,,NNP(proper),4
1199,present participle,,"('DT', 'the', 'NN(sg)')",2
1200,,,OTHER,1
1201,base,"['opinion', 'advice']",OTHER,0
1202,,"['ability', 'suggestion', 'request']","('DT', 'every', 'NN(sg)')",1
1203,past participle,,"('DT', 'the', 'JJ', 'NN(sg)')",0
1204,,,"('DT', 'the', 'NN(sg)')",0
1205,base,,"('DT', 'the', 'JJ', 'NN(sg)')",0
1206,past participle,"['ability', 'suggestion', 'request']","('DT', 'the', 'NN(sg)')",3
1207,past participle,,OTHER,6
1208,base,,"('DT', 'the', 'NN(sg)')",2
1209,present tense 3rd.sg,,"('DT', 'the', 'NN(sg)')",0
1210,past participle,,"('DT', 'the', 'NN(sg)')",0
1211,base,,"('DT', 'the', 'NN(sg)')",1
1212,past participle,,OTHER,1
1213,base,,"('DT', 'the', 'NN(sg)')",1
1214,past participle,"['obligation', 'certainty']","('DT', 'the', 'NN(sg)')",3
1215,present participle,,OTHER,0
1216,base,,"('DT', 'the', 'NN(sg)')",3
1217,past participle,,OTHER JJ,1
1218,past tense,,OTHER JJ,1
1219,past tense,,OTHER JJ,3
1220,past participle,"['obligation', 'certainty']","('DT', 'the', 'NN(sg)')",0
1221,past participle,"['possibility', 'request', 'permission']",OTHER,2
1222,base,,"('DT', 'the', 'JJ', 'NN(sg)')",1
1223,base,"['obligation', 'certainty']","('DT', 'the', 'NN(sg)')",2
1224,present participle,,OTHER,1
1225,present tense non-3rd.sg,,"('DT', 'the', 'NN(sg)')",7
1226,past tense,"['ability', 'request', 'suggestion']","('DT', 'the', 'NN(sg)')",0
1227,present tense 3rd.sg,,NNP(proper),0
1228,present tense 3rd.sg,,OTHER,2
1229,present participle,,"('DT', 'the', 'NN(sg)')",0
1230,past tense,,"('DT', 'the', 'NN(sg)')",1
1231,past tense,,"('DT', 'the', 'NN(sg)')",0
1232,past participle,,"('DT', 'the', 'NN(sg)')",1
1233,past tense,,"('DT', 'the', 'JJ', 'NN(sg)')",1
1234,past participle,,"('DT', 'the', 'NN(sg)')",0
1235,past participle,"['ability', 'suggestion', 'request']",OTHER,3
1236,past participle,,"('DT', 'the', 'NN(sg)')",1
1237,,"['ability', 'suggestion', 'request']","('DT', 'the', 'JJ', 'NN(sg)')",2
1238,past tense,,OTHER,2
1239,present tense non-3rd.sg,,"('DT', 'every', 'NN(sg)')",0
1240,base,"['ability', 'request', 'suggestion']",NNP(proper),3
1241,base,"['ability', 'request', 'suggestion']","('DT', 'the', 'NN(sg)')",2
1242,base,"['obligation', 'certainty']","('DT', 'the', 'NN(sg)')",2
1243,present tense 3rd.sg,,"('DT', 'the', 'NN(sg)')",0
1244,base,,"('DT', 'the', 'NN(sg)')",1
1245,present tense 3rd.sg,,"('DT', 'the', 'NN(sg)')",1
1246,base,,"('DT', 'the', 'NN(sg)')",0
1247,past participle,"['opinion', 'advice']","('DT', 'the', 'NN(sg)')",0
1248,past participle,,OTHER JJ,0
1249,present tense 3rd.sg,,OTHER,0
1250,past participle,"['possibility', 'request', 'permission']","('DT', 'the', 'NN(sg)')",5
1251,past participle,,"('DT', 'the', 'NN(sg)')",2
1252,present participle,,"('DT', 'the', 'NN(sg)')",3
1253,,,OTHER,5
1254,present tense non-3rd.sg,"['opinion', 'advice']","('DT', 'a', 'NN(sg)')",2
1255,past participle,,"('DT', 'the', 'NN(sg)')",1
1256,,"['ability', 'request', 'suggestion']","('DT', 'the', 'NN(sg)')",4
1257,past participle,,OTHER,3
1258,present tense 3rd.sg,,"('DT', 'the', 'NN(sg)')",0
1259,base,,"('DT', 'the', 'NN(sg)')",3
1260,base,"['opinion', 'advice']","('DT', 'every', 'NN(sg)')",1
1261,base,"['obligation', 'certainty']","('DT', 'the', 'NN(sg)')",2
1262,base,,"('DT', 'the', 'NN(sg)')",2
1263,present tense 3rd.sg,,"('DT', 'the', 'NN(sg)')",0
1264,present tense 3rd.sg,,"('DT', 'the', 'NN(sg)')",0
1265,past tense,,"('DT', 'the', 'NN(sg)')",0
1266,past participle,,"('DT', 'a', 'JJ', 'NN(sg)')",2
1267,base,,OTHER,1
1268,past tense,,"('DT', 'the', 'NN(sg)')",0
1269,past tense,,"('DT', 'the', 'NN(sg)')",1
1270,base,"['obligation', 'certainty']","('DT', 'the', 'NN(sg)')",0
1271,base,,"('DT', 'the', 'NN(sg)')",1
1272,past participle,"['ability', 'suggestion', 'request']","('DT', 'a', 'JJ', 'NN(sg)')",3
1273,past tense,,"('DT', 'the', 'NN(sg)')",2
1274,present participle,,"('DT', 'the', 'NN(sg)')",2
1275,present tense non-3rd.sg,"['obligation', 'certainty']","('DT', 'the', 'NN(sg)')",8
1276,present participle,,"('DT', 'the', 'JJ', 'NN(sg)')",2
1277,past participle,,OTHER JJ,1
1278,past tense,,"('DT', 'the', 'NN(sg)')",0
1279,present participle,,"('DT', 'the', 'NN(sg)')",1
1280,base,"['ability', 'request', 'suggestion']","('DT', 'the', 'NN(sg)')",2
1281,,,"('DT', 'the', 'JJ', 'NN(sg)')",1
1282,past participle,,"('DT', 'the', 'JJ', 'NN(sg)')",1
1283,past tense,,"('DT', 'a', 'NN(sg)')",1
1284,present tense 3rd.sg,,OTHER,0
1285,base,"['ability', 'request', 'suggestion']","('DT', 'the', 'NN(sg)')",2
1286,base,,"('DT', 'the', 'NN(sg)')",1
1287,base,,"('DT', 'the', 'NN(sg)')",0
1288,base,"['ability', 'suggestion', 'request']","('DT', 'the', 'NN(sg)')",4
1289,past participle,"['obligation', 'certainty']",OTHER,0
1290,base,[],"('DT', 'the', 'NN(sg)')",1
1291,,"['possibility', 'request', 'permission']","('DT', 'the', 'NN(sg)')",1
1292,base,,"('DT', 'the', 'NN(sg)')",0
1293,past participle,"['opinion', 'advice']","('DT', 'the', 'NN(sg)')",0
1294,past participle,"['opinion', 'advice']","('DT', 'the', 'NN(sg)')",2
1295,present tense 3rd.sg,,OTHER,0
1296,present tense non-3rd.sg,,NNP(proper),0
1297,present tense non-3rd.sg,,OTHER JJ,0
1298,present participle,,OTHER,1
1299,past participle,,"('DT', 'the', 'NN(sg)')",1
1300,present tense 3rd.sg,"['ability', 'suggestion', 'request']","('DT', 'the', 'NN(sg)')",0
1301,present participle,"['opinion', 'advice']","('DT', 'the', 'NN(sg)')",1
1302,past tense,"['obligation', 'certainty']","('DT', 'the', 'NN(sg)')",3
1303,present participle,"['obligation', 'certainty']",OTHER,3
1304,past participle,,OTHER,1
1305,past participle,"['opinion', 'advice']","('DT', 'the', 'JJ', 'NN(sg)')",1
1306,past tense,,"('DT', 'the', 'NN(sg)')",1
1307,base,,"('DT', 'the', 'NN(sg)')",0
1308,base,,"('DT', 'the', 'NN(sg)')",1
1309,past tense,,"('DT', 'the', 'NN(sg)')",0
1310,past tense,,"('DT', 'the', 'NN(sg)')",2
1311,past tense,,"('DT', 'the', 'NN(sg)')",0
1312,present participle,['possibility'],"('DT', 'the', 'NN(sg)')",0
1313,present participle,"['obligation', 'certainty']","('DT', 'a', 'NN(sg)')",1
1314,base,,"('DT', 'the', 'JJ', 'NN(sg)')",3
1315,base,,OTHER,2
1316,base,"['ability', 'request', 'suggestion']",OTHER,2
1317,past participle,,OTHER,1
1318,base,,OTHER,4
1319,past participle,,OTHER,1
1320,past participle,,OTHER,1
1321,past tense,"['ability', 'request', 'suggestion']",OTHER,0
1322,past tense,"['ability', 'request', 'suggestion']",OTHER,0
1323,present tense 3rd.sg,"['ability', 'suggestion', 'request']",OTHER,2
1324,present participle,"['obligation', 'certainty']",OTHER,0
1325,base,[],OTHER,0
1326,present tense 3rd.sg,,NNP(proper),0
1327,,"['possibility', 'request', 'permission']","('DT', 'an', 'NN(sg)')",2
1328,present participle,,"('DT', 'a', 'NN(sg)')",1
1329,present tense 3rd.sg,,"('DT', 'the', 'NN(sg)')",0
1330,base,,"('DT', 'the', 'JJ', 'NN(sg)')",1
1331,past tense,,OTHER,1
1332,past tense,,"('DT', 'the', 'NN(sg)')",1
1333,present tense non-3rd.sg,,"('DT', 'the', 'NN(sg)')",0
1334,present tense 3rd.sg,"['ability', 'suggestion', 'request']","('DT', 'the', 'NN(sg)')",1
1335,past participle,"['possibility', 'request', 'permission']",OTHER,2
1336,past participle,,"('DT', 'the', 'NN(sg)')",5
1337,past participle,,"('DT', 'the', 'NN(sg)')",4
1338,present tense 3rd.sg,,OTHER,1
1339,present participle,"['opinion', 'advice']","('DT', 'the', 'NN(sg)')",4
1340,present tense 3rd.sg,,NNP(proper),1
1341,past participle,,"('DT', 'the', 'NN(sg)')",1
1342,base,"['obligation', 'certainty']",NNP(proper),1
1343,present participle,,OTHER,2
1344,past participle,"['ability', 'suggestion', 'request']","('DT', 'the', 'NN(sg)')",0
1345,present tense 3rd.sg,,NNP(proper),0
1346,past tense,,"('DT', 'a', 'JJ', 'NN(sg)')",1
1347,base,"['obligation', 'certainty']","('DT', 'the', 'NN(sg)')",4
1348,past participle,,NNP(proper),1
1349,present tense non-3rd.sg,[],"('DT', 'the', 'NN(sg)')",0
1350,,"['possibility', 'request', 'permission']","('DT', 'an', 'JJ', 'NN(sg)')",8
1351,past participle,,"('DT', 'the', 'NN(sg)')",1
1352,present tense non-3rd.sg,,"('DT', 'the', 'NN(sg)')",0
1353,present tense 3rd.sg,"['ability', 'suggestion', 'request']","('DT', 'the', 'NN(sg)')",2
1354,base,"['possibility', 'request', 'permission']","('DT', 'any', 'JJ', 'NN(sg)')",3
1355,present tense 3rd.sg,,"('DT', 'the', 'NN(sg)')",2
1356,present participle,"['opinion', 'advice']","('DT', 'the', 'NN(sg)')",0
1357,base,"['opinion', 'advice']","('DT', 'the', 'NN(sg)')",1
1358,base,"['possibility', 'request', 'permission']","('DT', 'the', 'NN(sg)')",4
1359,past participle,"['ability', 'suggestion', 'request']","('DT', 'the', 'NN(sg)')",2
1360,past participle,,"('DT', 'the', 'NN(sg)')",2
1361,past participle,,"('DT', 'the', 'NN(sg)')",2
1362,present tense 3rd.sg,"['ability', 'suggestion', 'request']","('DT', 'the', 'NN(sg)')",4
1363,base,"['ability', 'suggestion', 'request']",OTHER,1
1364,base,,OTHER JJ,1
1365,past tense,"['opinion', 'advice']","('DT', 'the', 'NN(sg)')",2
1366,present participle,,"('DT', 'the', 'NN(sg)')",1
1367,base,,"('DT', 'the', 'NN(sg)')",0
1368,past tense,,"('DT', 'the', 'NN(sg)')",2
1369,present participle,,OTHER,2
1370,present tense 3rd.sg,"['opinion', 'advice']","('DT', 'the', 'NN(sg)')",0
1371,present tense 3rd.sg,"['opinion', 'advice']","('DT', 'the', 'NN(sg)')",2
1372,past tense,,"('DT', 'a', 'NN(sg)')",0
1373,base,"['obligation', 'certainty']","('DT', 'the', 'JJ', 'NN(sg)')",2
1374,past tense,,"('DT', 'a', 'NN(sg)')",1
1375,base,,"('DT', 'a', 'NN(sg)')",2
1376,present tense 3rd.sg,,"('DT', 'the', 'NN(sg)')",2
1377,present tense 3rd.sg,,"('DT', 'the', 'NN(sg)')",3
1378,present participle,,"('DT', 'the', 'NN(sg)')",1
1379,past participle,,"('DT', 'a', 'NN(sg)')",0
1380,base,,"('DT', 'the', 'JJ', 'NN(sg)')",1
1381,base,,"('DT', 'a', 'JJ', 'NN(sg)')",1
1382,past participle,"['ability', 'suggestion', 'request']",OTHER,5
1383,present tense 3rd.sg,,"('DT', 'the', 'JJ', 'NN(sg)')",1
1384,present tense 3rd.sg,,OTHER,1
1385,present tense 3rd.sg,,OTHER,0
1386,base,,OTHER,2
1387,past tense,,"('DT', 'the', 'JJ', 'NNS(pl)')",3
1388,present tense 3rd.sg,,"('DT', 'a', 'NN(sg)')",1
1389,past tense,,"('DT', 'the', 'JJ', 'NN(sg)')",2
1390,present tense 3rd.sg,"['obligation', 'certainty']","('DT', 'the', 'NN(sg)')",1
1391,present participle,"['ability', 'suggestion', 'request']","('DT', 'the', 'JJ', 'NN(sg)')",5
1392,present tense 3rd.sg,"['ability', 'suggestion', 'request']","('DT', 'the', 'JJ', 'NN(sg)')",5
1393,,,"('DT', 'the', 'NN(sg)')",2
1394,present participle,,"('DT', 'a', 'NN(sg)')",1
1395,present tense 3rd.sg,,"('DT', 'the', 'NN(sg)')",1
1396,present tense 3rd.sg,,"('DT', 'the', 'NN(sg)')",0
1397,base,,OTHER,2
1398,base,,OTHER JJ,3
1399,base,"['opinion', 'advice']","('DT', 'the', 'NN(sg)')",1
1400,past tense,,OTHER,2
1401,past participle,,"('DT', 'a', 'JJ', 'NN(sg)')",2
1402,past participle,,"('DT', 'the', 'NN(sg)')",2
1403,past participle,,"('DT', 'a', 'NN(sg)')",1
1404,base,"['ability', 'request', 'suggestion']","('DT', 'a', 'NN(sg)')",0
1405,present tense non-3rd.sg,,OTHER,1
1406,past tense,"['ability', 'suggestion', 'request']",OTHER,1
1407,past tense,,"('DT', 'a', 'JJ', 'NN(sg)')",1
1408,past tense,[],"('DT', 'the', 'NN(sg)')",3
1409,present tense 3rd.sg,,"('DT', 'a', 'NN(sg)')",0
1410,present tense 3rd.sg,"['ability', 'suggestion', 'request']","('DT', 'the', 'NN(sg)')",1
1411,past participle,"['obligation', 'certainty']","('DT', 'the', 'NN(sg)')",3
1412,present participle,,"('DT', 'an', 'NN(sg)')",3
1413,present tense 3rd.sg,,NNP(proper),0
1414,past participle,,"('DT', 'the', 'NN(sg)')",6
1415,past tense,"['ability', 'request', 'suggestion']","('DT', 'the', 'NN(sg)')",5
1416,past participle,,"('DT', 'the', 'NN(sg)')",1
1417,past tense,,"('DT', 'the', 'NN(sg)')",2
1418,present tense 3rd.sg,"['obligation', 'certainty']","('DT', 'the', 'JJ', 'NN(sg)')",3
1419,past participle,,OTHER,2
1420,present participle,,"('DT', 'a', 'NN(sg)')",2
1421,base,"['obligation', 'certainty']","('DT', 'every', 'NN(sg)')",3
1422,base,,"('DT', 'the', 'NN(sg)')",0
1423,base,,"('DT', 'the', 'NN(sg)')",0
1424,past participle,,NNP(proper),0
1425,past tense,['possibility'],"('DT', 'the', 'NN(sg)')",1
1426,past participle,[],"('DT', 'the', 'JJ', 'NN(sg)')",3
1427,present participle,,OTHER,0
1428,present tense non-3rd.sg,,"('DT', 'the', 'NN(sg)')",0
1429,past participle,,OTHER,1
1430,past tense,,"('DT', 'the', 'JJ', 'NN(sg)')",1
1431,present tense 3rd.sg,"['possibility', 'request', 'permission']",NNP(proper),0
1432,past participle,"['ability', 'request', 'suggestion']","('DT', 'the', 'NN(sg)')",3
1433,past tense,,OTHER,0
1434,past tense,"['possibility', 'request', 'permission']",NNP(proper),1
1435,past participle,,"('DT', 'an', 'JJ', 'NN(sg)')",2
1436,past participle,[],NNP(proper),3
1437,past participle,"['possibility', 'request', 'permission']","('DT', 'the', 'JJ', 'NN(sg)')",0
1438,present participle,,"('DT', 'the', 'NN(sg)')",4
1439,base,"['ability', 'suggestion', 'request']",OTHER,0
1440,past tense,"['possibility', 'request', 'permission']","('DT', 'a', 'NN(sg)')",0
1441,past participle,,"('DT', 'a', 'NN(sg)')",1
1442,base,,NNP(proper),1
1443,base,,"('DT', 'the', 'NN(sg)')",0
1444,past participle,,"('DT', 'the', 'NN(sg)')",0
1445,base,"['obligation', 'certainty']","('DT', 'the', 'NN(sg)')",0
1446,past tense,"['possibility', 'request', 'permission']","('DT', 'the', 'NN(sg)')",0
1447,present tense 3rd.sg,,"('DT', 'a', 'NN(sg)')",0
1448,present tense non-3rd.sg,,OTHER,2
1449,past tense,,NNP(proper),2
1450,present tense 3rd.sg,,"('DT', 'the', 'NN(sg)')",5
1451,past participle,,"('DT', 'no', 'JJ', 'NN(sg)')",1
1452,past participle,"['possibility', 'request', 'permission']",OTHER,2
1453,past tense,,"('DT', 'the', 'NN(sg)')",2
1454,present participle,"['possibility', 'request', 'permission']","('DT', 'the', 'NN(sg)')",2
1455,present participle,,"('DT', 'the', 'NN(sg)')",0
1456,past participle,,"('DT', 'a', 'NN(sg)')",1
1457,base,,"('DT', 'the', 'NN(sg)')",3
1458,base,,"('DT', 'the', 'NN(sg)')",0
1459,present tense 3rd.sg,,"('DT', 'the', 'NN(sg)')",0
1460,present participle,,"('DT', 'a', 'NN(sg)')",3
1461,present tense non-3rd.sg,,OTHER,2
1462,past participle,"['obligation', 'certainty']","('DT', 'the', 'NN(sg)')",4
1463,present tense 3rd.sg,,"('DT', 'the', 'NN(sg)')",0
1464,present participle,,"('DT', 'the', 'NN(sg)')",1
1465,past participle,,"('DT', 'the', 'NN(sg)')",2
1466,past participle,,"('DT', 'the', 'JJ', 'NN(sg)')",1
1467,,,"('DT', 'a', 'NN(sg)')",1
1468,past tense,"['ability', 'suggestion', 'request']","('DT', 'one', 'JJ', 'NN(sg)')",4
1469,past participle,,OTHER,3
1470,present tense non-3rd.sg,"['ability', 'suggestion', 'request']","('DT', 'the', 'NN(sg)')",1
1471,past participle,,OTHER,1
1472,base,"['obligation', 'certainty']","('DT', 'a', 'NN(sg)')",3
1473,present participle,,"('DT', 'the', 'NN(sg)')",3
1474,base,,OTHER,1
1475,past tense,"['ability', 'suggestion', 'request']","('DT', 'the', 'NN(sg)')",6
1476,past participle,,OTHER,1
1477,base,,"('DT', 'the', 'NN(sg)')",2
1478,base,"['possibility', 'request', 'permission']","('DT', 'a', 'NN(sg)')",3
1479,base,"['obligation', 'certainty']",OTHER,1
1480,base,"['opinion', 'advice']","('DT', 'the', 'NN(sg)')",0
1481,base,,"('DT', 'the', 'NN(sg)')",1
1482,base,,OTHER,1
1483,,"['ability', 'suggestion', 'request']","('DT', 'a', 'NN(sg)')",4
1484,past participle,,"('DT', 'an', 'JJ', 'NN(sg)')",1
1485,past participle,,"('DT', 'the', 'NN(sg)')",1
1486,base,"['obligation', 'certainty']","('DT', 'the', 'NN(sg)')",4
1487,past tense,,"('DT', 'the', 'NN(sg)')",2
1488,base,"['possibility', 'request', 'permission']",OTHER,0
1489,past participle,,OTHER,3
1490,base,,OTHER,1
1491,past participle,"['obligation', 'certainty']",OTHER,0
1492,base,,OTHER,2
1493,past participle,,"('DT', 'the', 'NN(sg)')",0
1494,,"['ability', 'suggestion', 'request']",OTHER,1
1495,past participle,,OTHER,1
1496,past participle,,NNP(proper),1
1497,past participle,[],"('DT', 'a', 'NN(sg)')",4
1498,present participle,,OTHER,0
1499,past participle,,OTHER,1
1500,present tense 3rd.sg,"['obligation', 'certainty']","('DT', 'the', 'NN(sg)')",1
1501,past participle,,"('DT', 'the', 'NN(sg)')",4
1502,base,,"('DT', 'the', 'NN(sg)')",3
1503,past participle,[],OTHER,0
1504,past tense,,"('DT', 'the', 'NN(sg)')",1
1505,base,"['opinion', 'advice']",NNP(proper),5
1506,present tense 3rd.sg,"['possibility', 'request', 'permission']","('DT', 'a', 'NN(sg)')",2
1507,present participle,"['opinion', 'advice']",OTHER,1
1508,past participle,,NNP(proper),2
1509,,,OTHER,0
1510,present tense 3rd.sg,,"('DT', 'the', 'NN(sg)')",1
1511,past participle,"['opinion', 'advice']","('DT', 'a', 'NN(sg)')",4
1512,base,"['obligation', 'certainty']","('DT', 'the', 'NN(sg)')",0
1513,base,,"('DT', 'a', 'NN(sg)')",2
1514,base,"['ability', 'suggestion', 'request']","('DT', 'a', 'NN(sg)')",4
1515,present participle,,OTHER,1
1516,past participle,,"('DT', 'the', 'NN(sg)')",0
1517,past participle,"['possibility', 'request', 'permission']","('DT', 'the', 'NN(sg)')",1
1518,present tense 3rd.sg,,"('DT', 'a', 'NN(sg)')",0
1519,present tense 3rd.sg,"['opinion', 'advice']","('DT', 'a', 'NN(sg)')",1
1520,base,,"('DT', 'a', 'NN(sg)')",2
1521,present participle,"['ability', 'suggestion', 'request']","('DT', 'a', 'NN(sg)')",2
1522,present tense 3rd.sg,,"('DT', 'a', 'NN(sg)')",2
1523,past participle,"['obligation', 'certainty']","('DT', 'the', 'JJ', 'NN(sg)')",1
1524,base,"['possibility', 'request', 'permission']","('DT', 'a', 'NN(sg)')",0
1525,present participle,"['ability', 'suggestion', 'request']","('DT', 'a', 'NN(sg)')",2
1526,present tense 3rd.sg,"['ability', 'suggestion', 'request']",OTHER,0
1527,present tense 3rd.sg,"['ability', 'suggestion', 'request']","('DT', 'the', 'NN(sg)')",3
1528,base,,"('DT', 'a', 'NN(sg)')",1
1529,past participle,,OTHER,2
1530,base,"['obligation', 'certainty']",OTHER,0
1531,base,,OTHER,0
1532,present tense 3rd.sg,,NNP(proper),1
1533,present tense 3rd.sg,,"('DT', 'the', 'NN(sg)')",5
1534,past participle,,"('DT', 'the', 'NN(sg)')",0
1535,present tense 3rd.sg,"['opinion', 'advice']","('DT', 'the', 'NN(sg)')",0
1536,present tense 3rd.sg,,"('DT', 'the', 'NN(sg)')",0
1537,present tense 3rd.sg,"['ability', 'suggestion', 'request']",OTHER,3
1538,present tense 3rd.sg,,"('DT', 'the', 'JJ', 'NN(sg)')",0
1539,base,"['ability', 'suggestion', 'request']","('DT', 'the', 'NN(sg)')",3
1540,base,"['ability', 'suggestion', 'request']","('DT', 'the', 'NN(sg)')",0
1541,base,,"('DT', 'the', 'NN(sg)')",1
1542,base,,"('DT', 'the', 'NN(sg)')",0
1543,base,,"('DT', 'the', 'NN(sg)')",2
1544,present tense 3rd.sg,,"('DT', 'a', 'NN(sg)')",0
1545,past participle,"['ability', 'request', 'suggestion']","('DT', 'a', 'NN(sg)')",2
1546,past tense,,NNP(proper),0
1547,present tense 3rd.sg,,"('DT', 'a', 'NN(sg)')",1
1548,present participle,"['obligation', 'certainty']","('DT', 'a', 'JJ', 'NNS(pl)')",1
1549,past participle,"['opinion', 'advice']","('DT', 'the', 'JJ', 'NN(sg)')",0
1550,present tense non-3rd.sg,,"('DT', 'an', 'NN(sg)')",5
1551,past participle,"['obligation', 'certainty']",OTHER,3
1552,past participle,,"('DT', 'the', 'NN(sg)')",1
1553,base,,OTHER,2
1554,,"['ability', 'suggestion', 'request']",OTHER,3
1555,,,"('DT', 'a', 'JJ', 'NN(sg)')",3
1556,present participle,,OTHER,2
1557,past participle,,"('DT', 'the', 'JJ', 'NN(sg)')",4
1558,base,,OTHER,0
1559,base,"['ability', 'suggestion', 'request']","('DT', 'a', 'NN(sg)')",2
1560,past participle,"['possibility', 'request', 'permission']",NNP(proper),6
1561,past participle,,"('DT', 'the', 'NN(sg)')",2
1562,past participle,,"('DT', 'the', 'NN(sg)')",2
1563,base,,NNP(proper),6
1564,base,,OTHER JJ,1
1565,base,"['obligation', 'certainty']",NNS(pl),2
1566,past participle,,OTHER,0
1567,past participle,"['possibility', 'request', 'permission']",OTHER,1
1568,present tense 3rd.sg,,"('DT', 'the', 'NN(sg)')",2
1569,past participle,"['obligation', 'certainty']","('DT', 'the', 'NN(sg)')",2
1570,present tense non-3rd.sg,"['opinion', 'advice']",OTHER,0
1571,present participle,,OTHER,0
1572,present tense 3rd.sg,,OTHER,1
1573,past tense,,OTHER,1
1574,present tense 3rd.sg,,"('DT', 'a', 'NN(sg)')",0
1575,present tense 3rd.sg,,NNP(proper),1
1576,base,"['obligation', 'certainty']","('DT', 'a', 'NN(sg)')",1
1577,present tense 3rd.sg,,"('DT', 'an', 'NN(sg)')",0
1578,past tense,,"('DT', 'the', 'NN(sg)')",0
1579,base,,OTHER,1
1580,present tense 3rd.sg,,"('DT', 'the', 'NN(sg)')",1
1581,past participle,"['obligation', 'certainty']","('DT', 'a', 'JJ', 'NN(sg)')",0
1582,base,"['ability', 'suggestion', 'request']","('DT', 'the', 'JJ', 'NN(sg)')",1
1583,present tense 3rd.sg,"['ability', 'suggestion', 'request']",OTHER,1
1584,base,,OTHER,1
1585,past tense,"['ability', 'request', 'suggestion']","('DT', 'the', 'NN(sg)')",2
1586,,,"('DT', 'a', 'NN(sg)')",0
1587,base,"['possibility', 'request', 'permission']","('DT', 'a', 'NN(sg)')",3
1588,base,,OTHER,2
1589,present tense non-3rd.sg,,"('DT', 'a', 'NN(sg)')",1
1590,past tense,,OTHER,0
1591,past participle,"['possibility', 'request', 'permission']","('DT', 'another', 'NN(sg)')",4
